,FirstName,LastName,Trackable_Object,Position,Team,Frame,XPos,YPos,Possession-Player,Possession-Team
0,Nicolas,Otamendi,8039,CM,Manchester City,65220,10.02,1.42,,Real Madrid CF
1,Nicolas,Otamendi,8039,CM,Manchester City,65221,10.35,0.79,,Real Madrid CF
2,Nicolas,Otamendi,8039,CM,Manchester City,65222,10.69,0.21,,Real Madrid CF
3,Nicolas,Otamendi,8039,CM,Manchester City,65223,11.04,-0.32,,Real Madrid CF
4,Nicolas,Otamendi,8039,CM,Manchester City,65224,11.4,-0.76,,Real Madrid CF
5,Nicolas,Otamendi,8039,CM,Manchester City,65225,11.73,-1.23,,Real Madrid CF
6,Nicolas,Otamendi,8039,CM,Manchester City,65226,12.08,-1.86,,Real Madrid CF
7,Nicolas,Otamendi,8039,CM,Manchester City,65227,12.48,-2.33,,Real Madrid CF
8,Nicolas,Otamendi,8039,CM,Manchester City,65228,12.9,-2.65,,Real Madrid CF
9,Nicolas,Otamendi,8039,CM,Manchester City,65229,13.34,-3.02,,Real Madrid CF
10,Nicolas,Otamendi,8039,CM,Manchester City,65230,13.82,-3.29,,Real Madrid CF
11,Nicolas,Otamendi,8039,CM,Manchester City,65231,14.26,-3.62,,Real Madrid CF
12,Nicolas,Otamendi,8039,CM,Manchester City,65232,14.71,-3.99,,Real Madrid CF
13,Nicolas,Otamendi,8039,CM,Manchester City,65233,15.19,-4.37,,Real Madrid CF
14,Nicolas,Otamendi,8039,CM,Manchester City,65234,15.68,-4.72,,Real Madrid CF
15,Nicolas,Otamendi,8039,CM,Manchester City,65235,16.17,-4.93,,Real Madrid CF
16,Nicolas,Otamendi,8039,CM,Manchester City,65236,16.68,-5.18,,Real Madrid CF
17,Nicolas,Otamendi,8039,CM,Manchester City,65237,17.17,-5.42,,Real Madrid CF
18,Nicolas,Otamendi,8039,CM,Manchester City,65238,17.65,-5.61,,Real Madrid CF
19,Nicolas,Otamendi,8039,CM,Manchester City,65239,18.16,-5.7,,Real Madrid CF
20,Nicolas,Otamendi,8039,CM,Manchester City,65240,18.67,-5.85,,Real Madrid CF
21,Nicolas,Otamendi,8039,CM,Manchester City,65241,19.19,-5.95,,Real Madrid CF
22,Nicolas,Otamendi,8039,CM,Manchester City,65242,19.72,-6.03,,Real Madrid CF
23,Nicolas,Otamendi,8039,CM,Manchester City,65243,20.26,-6.14,,Real Madrid CF
24,Nicolas,Otamendi,8039,CM,Manchester City,65244,20.73,-6.33,,Real Madrid CF
25,Nicolas,Otamendi,8039,CM,Manchester City,65245,21.22,-6.45,,Real Madrid CF
26,Nicolas,Otamendi,8039,CM,Manchester City,65246,21.67,-6.6,,Real Madrid CF
27,Nicolas,Otamendi,8039,CM,Manchester City,65247,22.08,-6.73,11928.0,Real Madrid CF
28,Nicolas,Otamendi,8039,CM,Manchester City,65248,22.49,-6.67,11928.0,Real Madrid CF
29,Nicolas,Otamendi,8039,CM,Manchester City,65249,22.91,-6.47,11928.0,Real Madrid CF
30,Nicolas,Otamendi,8039,CM,Manchester City,65250,23.27,-6.25,11928.0,Real Madrid CF
31,Nicolas,Otamendi,8039,CM,Manchester City,65251,23.57,-5.96,11928.0,Real Madrid CF
32,Nicolas,Otamendi,8039,CM,Manchester City,65252,23.8,-5.79,11928.0,Real Madrid CF
33,Nicolas,Otamendi,8039,CM,Manchester City,65253,23.92,-5.75,11928.0,Real Madrid CF
34,Nicolas,Otamendi,8039,CM,Manchester City,65254,23.94,-5.79,11928.0,Real Madrid CF
35,Nicolas,Otamendi,8039,CM,Manchester City,65255,23.96,-5.68,11928.0,Real Madrid CF
36,Nicolas,Otamendi,8039,CM,Manchester City,65256,23.88,-5.64,,Real Madrid CF
37,Nicolas,Otamendi,8039,CM,Manchester City,65257,23.78,-5.55,,Real Madrid CF
38,Nicolas,Otamendi,8039,CM,Manchester City,65258,23.67,-5.51,,Real Madrid CF
39,Nicolas,Otamendi,8039,CM,Manchester City,65259,23.5,-5.58,,Real Madrid CF
40,Nicolas,Otamendi,8039,CM,Manchester City,65260,23.33,-5.63,,Real Madrid CF
41,Nicolas,Otamendi,8039,CM,Manchester City,65261,23.15,-5.63,,Real Madrid CF
42,Nicolas,Otamendi,8039,CM,Manchester City,65262,22.98,-5.59,,Real Madrid CF
43,Nicolas,Otamendi,8039,CM,Manchester City,65263,22.86,-5.56,,Real Madrid CF
44,Nicolas,Otamendi,8039,CM,Manchester City,65264,22.87,-5.33,10530.0,Real Madrid CF
45,Nicolas,Otamendi,8039,CM,Manchester City,65265,22.96,-5.02,10530.0,Real Madrid CF
46,Nicolas,Otamendi,8039,CM,Manchester City,65266,23.1,-4.66,10530.0,Real Madrid CF
47,Nicolas,Otamendi,8039,CM,Manchester City,65267,23.2,-4.42,10530.0,Real Madrid CF
48,Nicolas,Otamendi,8039,CM,Manchester City,65268,23.3,-4.11,10530.0,Real Madrid CF
49,Nicolas,Otamendi,8039,CM,Manchester City,65269,23.32,-3.91,10530.0,Real Madrid CF
50,Nicolas,Otamendi,8039,CM,Manchester City,65270,23.36,-3.51,,Real Madrid CF
51,Nicolas,Otamendi,8039,CM,Manchester City,65271,23.35,-3.23,,Real Madrid CF
52,Nicolas,Otamendi,8039,CM,Manchester City,65272,23.3,-3.05,,Real Madrid CF
53,Nicolas,Otamendi,8039,CM,Manchester City,65273,23.32,-2.78,,Real Madrid CF
54,Nicolas,Otamendi,8039,CM,Manchester City,65274,23.38,-2.5,,Real Madrid CF
55,Nicolas,Otamendi,8039,CM,Manchester City,65275,23.48,-2.04,,Real Madrid CF
56,Nicolas,Otamendi,8039,CM,Manchester City,65276,23.64,-1.45,,Real Madrid CF
57,Nicolas,Otamendi,8039,CM,Manchester City,65277,23.74,-1.05,,Real Madrid CF
58,Nicolas,Otamendi,8039,CM,Manchester City,65278,23.89,-0.48,,Real Madrid CF
59,Nicolas,Otamendi,8039,CM,Manchester City,65279,24.05,0.07,,Real Madrid CF
60,Nicolas,Otamendi,8039,CM,Manchester City,65280,24.17,0.44,,Real Madrid CF
61,Nicolas,Otamendi,8039,CM,Manchester City,65281,24.3,0.99,,Real Madrid CF
62,Nicolas,Otamendi,8039,CM,Manchester City,65282,24.36,1.39,,Real Madrid CF
63,Nicolas,Otamendi,8039,CM,Manchester City,65283,24.32,1.59,,Real Madrid CF
64,Nicolas,Otamendi,8039,CM,Manchester City,65284,24.43,2.3,,Real Madrid CF
65,Nicolas,Otamendi,8039,CM,Manchester City,65285,24.51,2.89,,Real Madrid CF
66,Nicolas,Otamendi,8039,CM,Manchester City,65286,24.57,3.28,,Real Madrid CF
67,Nicolas,Otamendi,8039,CM,Manchester City,65287,24.7,3.87,,Real Madrid CF
68,Nicolas,Otamendi,8039,CM,Manchester City,65288,24.86,4.45,,Real Madrid CF
69,Nicolas,Otamendi,8039,CM,Manchester City,65289,24.96,4.83,,Real Madrid CF
70,Nicolas,Otamendi,8039,CM,Manchester City,65290,25.13,5.37,,Real Madrid CF
71,Nicolas,Otamendi,8039,CM,Manchester City,65291,25.31,5.87,,Real Madrid CF
72,Nicolas,Otamendi,8039,CM,Manchester City,65292,25.46,6.19,,Real Madrid CF
73,Nicolas,Otamendi,8039,CM,Manchester City,65293,25.61,6.44,,Real Madrid CF
74,Nicolas,Otamendi,8039,CM,Manchester City,65294,25.83,6.93,,Real Madrid CF
75,Nicolas,Otamendi,8039,CM,Manchester City,65295,26.05,7.36,,Real Madrid CF
76,Nicolas,Otamendi,8039,CM,Manchester City,65296,26.25,7.66,,Real Madrid CF
77,Nicolas,Otamendi,8039,CM,Manchester City,65297,26.44,7.92,,Real Madrid CF
78,Nicolas,Otamendi,8039,CM,Manchester City,65298,26.6,8.05,,Real Madrid CF
79,Nicolas,Otamendi,8039,CM,Manchester City,65299,26.85,8.2,11311.0,Real Madrid CF
80,Nicolas,Otamendi,8039,CM,Manchester City,65300,27.16,8.51,11311.0,Real Madrid CF
81,Nicolas,Otamendi,8039,CM,Manchester City,65301,27.56,8.87,11311.0,Real Madrid CF
82,Nicolas,Otamendi,8039,CM,Manchester City,65302,27.96,9.05,11311.0,Real Madrid CF
83,Nicolas,Otamendi,8039,CM,Manchester City,65303,28.25,9.06,11311.0,Real Madrid CF
84,Nicolas,Otamendi,8039,CM,Manchester City,65304,28.43,8.98,11311.0,Real Madrid CF
85,Nicolas,Otamendi,8039,CM,Manchester City,65305,28.7,9.06,11311.0,Real Madrid CF
86,Nicolas,Otamendi,8039,CM,Manchester City,65306,29.0,9.24,11311.0,Real Madrid CF
87,Nicolas,Otamendi,8039,CM,Manchester City,65307,29.37,9.4,11311.0,Real Madrid CF
88,Nicolas,Otamendi,8039,CM,Manchester City,65308,29.74,9.37,11311.0,Real Madrid CF
89,Nicolas,Otamendi,8039,CM,Manchester City,65309,30.06,9.37,,Real Madrid CF
90,Nicolas,Otamendi,8039,CM,Manchester City,65310,30.37,9.4,,Real Madrid CF
91,Nicolas,Otamendi,8039,CM,Manchester City,65311,30.79,9.49,,Real Madrid CF
92,Nicolas,Otamendi,8039,CM,Manchester City,65312,31.22,9.62,,Real Madrid CF
93,Nicolas,Otamendi,8039,CM,Manchester City,65313,31.63,9.59,,Real Madrid CF
94,Nicolas,Otamendi,8039,CM,Manchester City,65314,31.91,9.36,,Real Madrid CF
95,Nicolas,Otamendi,8039,CM,Manchester City,65315,32.09,9.1,,Real Madrid CF
96,Nicolas,Otamendi,8039,CM,Manchester City,65316,32.31,8.97,,Real Madrid CF
97,Nicolas,Otamendi,8039,CM,Manchester City,65317,32.62,8.98,,Real Madrid CF
98,Nicolas,Otamendi,8039,CM,Manchester City,65318,32.91,8.84,,Real Madrid CF
99,Nicolas,Otamendi,8039,CM,Manchester City,65319,33.18,8.58,,Real Madrid CF
100,Nicolas,Otamendi,8039,CM,Manchester City,65320,33.36,8.24,,Real Madrid CF
101,Nicolas,Otamendi,8039,CM,Manchester City,65321,33.51,7.96,,Real Madrid CF
102,Nicolas,Otamendi,8039,CM,Manchester City,65322,33.76,7.93,,Real Madrid CF
103,Nicolas,Otamendi,8039,CM,Manchester City,65323,34.09,8.09,,Real Madrid CF
104,Nicolas,Otamendi,8039,CM,Manchester City,65324,34.41,8.16,,Real Madrid CF
105,Nicolas,Otamendi,8039,CM,Manchester City,65325,34.67,8.12,11311.0,Real Madrid CF
106,Nicolas,Otamendi,8039,CM,Manchester City,65326,34.87,8.06,11311.0,Real Madrid CF
107,Nicolas,Otamendi,8039,CM,Manchester City,65327,35.01,8.01,11311.0,Real Madrid CF
108,Nicolas,Otamendi,8039,CM,Manchester City,65328,35.14,7.91,11311.0,Real Madrid CF
109,Nicolas,Otamendi,8039,CM,Manchester City,65329,35.22,7.72,11311.0,Real Madrid CF
110,Nicolas,Otamendi,8039,CM,Manchester City,65330,35.37,7.67,11311.0,Real Madrid CF
111,Nicolas,Otamendi,8039,CM,Manchester City,65331,35.48,7.56,11311.0,Real Madrid CF
112,Nicolas,Otamendi,8039,CM,Manchester City,65332,35.59,7.48,11311.0,Real Madrid CF
113,Nicolas,Otamendi,8039,CM,Manchester City,65333,35.71,7.45,11311.0,Real Madrid CF
114,Nicolas,Otamendi,8039,CM,Manchester City,65334,35.81,7.36,11311.0,Real Madrid CF
115,Nicolas,Otamendi,8039,CM,Manchester City,65335,35.9,7.14,11311.0,Real Madrid CF
116,Nicolas,Otamendi,8039,CM,Manchester City,65336,36.09,7.14,,Real Madrid CF
117,Nicolas,Otamendi,8039,CM,Manchester City,65337,36.24,7.07,,Real Madrid CF
118,Nicolas,Otamendi,8039,CM,Manchester City,65338,36.31,6.96,,Real Madrid CF
119,Nicolas,Otamendi,8039,CM,Manchester City,65339,36.33,6.89,,Real Madrid CF
120,Nicolas,Otamendi,8039,CM,Manchester City,65340,36.28,6.85,,Real Madrid CF
121,Nicolas,Otamendi,8039,CM,Manchester City,65341,36.17,6.73,,Real Madrid CF
122,Nicolas,Otamendi,8039,CM,Manchester City,65342,36.07,6.64,,Real Madrid CF
123,Nicolas,Otamendi,8039,CM,Manchester City,65343,35.99,6.58,,Real Madrid CF
124,Nicolas,Otamendi,8039,CM,Manchester City,65344,35.83,6.49,,Real Madrid CF
125,Nicolas,Otamendi,8039,CM,Manchester City,65345,35.71,6.57,,Real Madrid CF
126,Nicolas,Otamendi,8039,CM,Manchester City,65346,35.56,6.7,,Real Madrid CF
127,Nicolas,Otamendi,8039,CM,Manchester City,65347,35.36,6.77,,Real Madrid CF
128,Nicolas,Otamendi,8039,CM,Manchester City,65348,35.15,6.85,,Real Madrid CF
129,Nicolas,Otamendi,8039,CM,Manchester City,65349,34.94,6.87,,Real Madrid CF
130,Nicolas,Otamendi,8039,CM,Manchester City,65350,34.67,6.81,,Real Madrid CF
131,Nicolas,Otamendi,8039,CM,Manchester City,65351,34.43,6.76,,Real Madrid CF
132,Nicolas,Otamendi,8039,CM,Manchester City,65352,34.23,6.73,,Real Madrid CF
133,Nicolas,Otamendi,8039,CM,Manchester City,65353,34.11,6.82,,Real Madrid CF
134,Nicolas,Otamendi,8039,CM,Manchester City,65354,34.02,6.98,,Real Madrid CF
135,Nicolas,Otamendi,8039,CM,Manchester City,65355,33.92,7.1,,Real Madrid CF
136,Nicolas,Otamendi,8039,CM,Manchester City,65356,33.83,7.19,,Real Madrid CF
137,Nicolas,Otamendi,8039,CM,Manchester City,65357,33.8,7.32,,Real Madrid CF
138,Nicolas,Otamendi,8039,CM,Manchester City,65358,33.85,7.53,,Real Madrid CF
139,Nicolas,Otamendi,8039,CM,Manchester City,65359,34.04,8.0,,Real Madrid CF
140,Nicolas,Otamendi,8039,CM,Manchester City,65360,34.23,8.41,,Real Madrid CF
141,Nicolas,Otamendi,8039,CM,Manchester City,65361,34.34,8.6,,Real Madrid CF
142,Nicolas,Otamendi,8039,CM,Manchester City,65362,34.44,8.71,,Real Madrid CF
143,Nicolas,Otamendi,8039,CM,Manchester City,65363,34.61,8.79,,Real Madrid CF
144,Nicolas,Otamendi,8039,CM,Manchester City,65364,34.86,8.8,,Real Madrid CF
145,Nicolas,Otamendi,8039,CM,Manchester City,65365,35.16,8.8,10530.0,Real Madrid CF
146,Nicolas,Otamendi,8039,CM,Manchester City,65366,35.41,8.7,10530.0,Real Madrid CF
147,Nicolas,Otamendi,8039,CM,Manchester City,65367,35.57,8.43,,Real Madrid CF
148,Nicolas,Otamendi,8039,CM,Manchester City,65368,35.7,8.2,,Real Madrid CF
149,Nicolas,Otamendi,8039,CM,Manchester City,65369,35.9,8.13,,Real Madrid CF
150,Nicolas,Otamendi,8039,CM,Manchester City,65370,36.21,8.11,,Real Madrid CF
151,Nicolas,Otamendi,8039,CM,Manchester City,65371,36.52,8.04,,Real Madrid CF
152,Nicolas,Otamendi,8039,CM,Manchester City,65372,36.86,8.11,,Real Madrid CF
153,Nicolas,Otamendi,8039,CM,Manchester City,65373,37.31,8.27,,Real Madrid CF
154,Nicolas,Otamendi,8039,CM,Manchester City,65374,37.74,8.31,,Real Madrid CF
155,Nicolas,Otamendi,8039,CM,Manchester City,65375,38.22,8.5,,Real Madrid CF
156,Nicolas,Otamendi,8039,CM,Manchester City,65376,38.7,8.42,,Real Madrid CF
157,Nicolas,Otamendi,8039,CM,Manchester City,65377,39.1,8.13,,Real Madrid CF
158,Nicolas,Otamendi,8039,CM,Manchester City,65378,39.47,7.86,,Real Madrid CF
159,Nicolas,Otamendi,8039,CM,Manchester City,65379,39.85,7.47,,Real Madrid CF
160,Nicolas,Otamendi,8039,CM,Manchester City,65380,40.19,7.04,,Real Madrid CF
161,Nicolas,Otamendi,8039,CM,Manchester City,65381,40.55,6.74,,Real Madrid CF
162,Nicolas,Otamendi,8039,CM,Manchester City,65382,40.89,6.23,,Real Madrid CF
163,Nicolas,Otamendi,8039,CM,Manchester City,65383,41.34,5.93,,Real Madrid CF
164,Nicolas,Otamendi,8039,CM,Manchester City,65384,41.82,5.72,,Real Madrid CF
165,Nicolas,Otamendi,8039,CM,Manchester City,65385,42.22,5.23,,Real Madrid CF
166,Nicolas,Otamendi,8039,CM,Manchester City,65386,42.65,4.9,,Real Madrid CF
167,Nicolas,Otamendi,8039,CM,Manchester City,65387,43.11,4.57,,Real Madrid CF
168,Nicolas,Otamendi,8039,CM,Manchester City,65388,43.49,3.96,,Real Madrid CF
169,Nicolas,Otamendi,8039,CM,Manchester City,65389,44.07,3.76,,Real Madrid CF
170,Nicolas,Otamendi,8039,CM,Manchester City,65390,44.7,3.53,,Real Madrid CF
171,Nicolas,Otamendi,8039,CM,Manchester City,65391,45.28,3.24,,Real Madrid CF
172,Nicolas,Otamendi,8039,CM,Manchester City,65392,45.85,2.93,,Real Madrid CF
173,Nicolas,Otamendi,8039,CM,Manchester City,65393,46.42,2.59,,Real Madrid CF
174,Nicolas,Otamendi,8039,CM,Manchester City,65407,50.62,-3.3,,Real Madrid CF
175,Nicolas,Otamendi,8039,CM,Manchester City,65408,50.76,-3.36,,Real Madrid CF
176,Nicolas,Otamendi,8039,CM,Manchester City,65409,50.81,-3.51,,Real Madrid CF
177,Nicolas,Otamendi,8039,CM,Manchester City,65410,50.79,-3.77,,Real Madrid CF
178,Nicolas,Otamendi,8039,CM,Manchester City,65411,50.59,-4.25,,Real Madrid CF
179,Nicolas,Otamendi,8039,CM,Manchester City,65412,50.42,-4.68,,Real Madrid CF
180,Nicolas,Otamendi,8039,CM,Manchester City,65413,50.36,-4.93,,Real Madrid CF
181,Nicolas,Otamendi,8039,CM,Manchester City,65414,50.36,-5.06,,Real Madrid CF
182,Nicolas,Otamendi,8039,CM,Manchester City,65415,50.33,-5.15,,Real Madrid CF
183,Nicolas,Otamendi,8039,CM,Manchester City,65416,50.32,-5.2,,Real Madrid CF
184,Nicolas,Otamendi,8039,CM,Manchester City,65417,50.28,-5.29,,Real Madrid CF
185,Nicolas,Otamendi,8039,CM,Manchester City,65418,50.26,-5.35,,Real Madrid CF
186,Nicolas,Otamendi,8039,CM,Manchester City,65419,50.23,-5.36,,Real Madrid CF
187,Nicolas,Otamendi,8039,CM,Manchester City,65420,50.2,-5.34,,Real Madrid CF
188,Nicolas,Otamendi,8039,CM,Manchester City,65421,50.17,-5.28,,Real Madrid CF
189,Nicolas,Otamendi,8039,CM,Manchester City,65861,2.25,13.68,,Real Madrid CF
190,Nicolas,Otamendi,8039,CM,Manchester City,65862,2.32,14.23,,Real Madrid CF
191,Nicolas,Otamendi,8039,CM,Manchester City,65863,2.37,14.79,,Real Madrid CF
192,Nicolas,Otamendi,8039,CM,Manchester City,65864,2.4,15.24,,Real Madrid CF
193,Nicolas,Otamendi,8039,CM,Manchester City,65865,2.42,15.67,,Real Madrid CF
194,Nicolas,Otamendi,8039,CM,Manchester City,65866,2.46,16.28,,Real Madrid CF
195,Nicolas,Otamendi,8039,CM,Manchester City,65867,2.45,16.96,,Real Madrid CF
196,Nicolas,Otamendi,8039,CM,Manchester City,65868,2.44,17.64,,Real Madrid CF
197,Nicolas,Otamendi,8039,CM,Manchester City,65869,2.38,18.16,,Real Madrid CF
198,Nicolas,Otamendi,8039,CM,Manchester City,65870,2.29,18.46,,Real Madrid CF
199,Nicolas,Otamendi,8039,CM,Manchester City,65871,2.21,18.53,,Real Madrid CF
200,Nicolas,Otamendi,8039,CM,Manchester City,65872,2.17,18.57,,Real Madrid CF
201,Nicolas,Otamendi,8039,CM,Manchester City,65873,2.13,18.69,,Real Madrid CF
202,Nicolas,Otamendi,8039,CM,Manchester City,65874,2.19,19.06,,Real Madrid CF
203,Nicolas,Otamendi,8039,CM,Manchester City,65875,2.27,19.56,,Real Madrid CF
204,Nicolas,Otamendi,8039,CM,Manchester City,65876,2.36,19.97,,Real Madrid CF
205,Nicolas,Otamendi,8039,CM,Manchester City,65877,2.47,20.14,,Real Madrid CF
206,Nicolas,Otamendi,8039,CM,Manchester City,65878,2.57,20.14,,Real Madrid CF
207,Nicolas,Otamendi,8039,CM,Manchester City,65879,2.69,20.17,,Real Madrid CF
208,Nicolas,Otamendi,8039,CM,Manchester City,65880,2.81,20.25,,Real Madrid CF
209,Nicolas,Otamendi,8039,CM,Manchester City,65881,2.91,20.4,,Real Madrid CF
210,Nicolas,Otamendi,8039,CM,Manchester City,65882,3.0,20.53,,Real Madrid CF
211,Nicolas,Otamendi,8039,CM,Manchester City,65883,3.07,20.42,,Real Madrid CF
212,Nicolas,Otamendi,8039,CM,Manchester City,65884,3.13,20.53,,Real Madrid CF
213,Nicolas,Otamendi,8039,CM,Manchester City,65885,3.19,20.71,,Real Madrid CF
214,Nicolas,Otamendi,8039,CM,Manchester City,65886,3.24,20.96,,Real Madrid CF
215,Nicolas,Otamendi,8039,CM,Manchester City,65972,5.54,-4.98,,Real Madrid CF
216,Nicolas,Otamendi,8039,CM,Manchester City,65973,5.75,-5.25,,Real Madrid CF
217,Nicolas,Otamendi,8039,CM,Manchester City,65974,5.97,-5.52,,Real Madrid CF
218,Nicolas,Otamendi,8039,CM,Manchester City,65975,6.21,-5.78,,Real Madrid CF
219,Nicolas,Otamendi,8039,CM,Manchester City,65976,6.48,-5.98,,Real Madrid CF
220,Nicolas,Otamendi,8039,CM,Manchester City,65977,6.74,-6.24,,Real Madrid CF
221,Nicolas,Otamendi,8039,CM,Manchester City,65978,6.97,-6.65,,Real Madrid CF
222,Nicolas,Otamendi,8039,CM,Manchester City,65979,7.2,-6.96,,Real Madrid CF
223,Nicolas,Otamendi,8039,CM,Manchester City,65980,7.38,-7.34,,Real Madrid CF
224,Nicolas,Otamendi,8039,CM,Manchester City,65981,7.6,-7.56,,Real Madrid CF
225,Nicolas,Otamendi,8039,CM,Manchester City,65982,7.83,-7.68,,Real Madrid CF
226,Nicolas,Otamendi,8039,CM,Manchester City,65983,8.06,-7.84,,Real Madrid CF
227,Nicolas,Otamendi,8039,CM,Manchester City,65984,8.29,-8.06,,Real Madrid CF
228,Nicolas,Otamendi,8039,CM,Manchester City,65985,8.5,-8.33,,Real Madrid CF
229,Nicolas,Otamendi,8039,CM,Manchester City,65986,8.69,-8.64,,Real Madrid CF
230,Nicolas,Otamendi,8039,CM,Manchester City,65987,8.89,-8.8,,Real Madrid CF
231,Nicolas,Otamendi,8039,CM,Manchester City,65988,9.07,-8.95,,Real Madrid CF
232,Nicolas,Otamendi,8039,CM,Manchester City,65989,9.24,-9.11,,Real Madrid CF
233,Nicolas,Otamendi,8039,CM,Manchester City,65990,9.41,-9.32,,Real Madrid CF
234,Nicolas,Otamendi,8039,CM,Manchester City,65991,9.59,-9.43,,Real Madrid CF
235,Nicolas,Otamendi,8039,CM,Manchester City,65992,9.75,-9.57,,Real Madrid CF
236,Nicolas,Otamendi,8039,CM,Manchester City,65993,9.9,-9.7,,Real Madrid CF
237,Nicolas,Otamendi,8039,CM,Manchester City,65994,10.06,-9.79,,Real Madrid CF
238,Nicolas,Otamendi,8039,CM,Manchester City,65995,10.2,-9.91,,Real Madrid CF
239,Nicolas,Otamendi,8039,CM,Manchester City,65996,10.32,-10.04,,Real Madrid CF
240,Nicolas,Otamendi,8039,CM,Manchester City,65997,10.44,-10.09,,Real Madrid CF
241,Nicolas,Otamendi,8039,CM,Manchester City,65998,10.56,-10.17,,Real Madrid CF
242,Nicolas,Otamendi,8039,CM,Manchester City,65999,10.67,-10.27,,Real Madrid CF
243,Nicolas,Otamendi,8039,CM,Manchester City,66000,10.77,-10.39,,Real Madrid CF
244,Nicolas,Otamendi,8039,CM,Manchester City,66001,10.85,-10.51,,Real Madrid CF
245,Nicolas,Otamendi,8039,CM,Manchester City,66002,10.92,-10.64,,Real Madrid CF
246,Nicolas,Otamendi,8039,CM,Manchester City,66003,11.03,-10.7,,Real Madrid CF
247,Nicolas,Otamendi,8039,CM,Manchester City,66004,11.15,-10.72,5066.0,Real Madrid CF
248,Nicolas,Otamendi,8039,CM,Manchester City,66005,11.26,-10.76,5066.0,Real Madrid CF
249,Nicolas,Otamendi,8039,CM,Manchester City,66006,11.35,-10.8,5066.0,Real Madrid CF
250,Nicolas,Otamendi,8039,CM,Manchester City,66007,11.41,-10.83,5066.0,Real Madrid CF
251,Nicolas,Otamendi,8039,CM,Manchester City,66008,11.45,-10.85,5066.0,Real Madrid CF
252,Nicolas,Otamendi,8039,CM,Manchester City,66009,11.49,-10.85,5066.0,Real Madrid CF
253,Nicolas,Otamendi,8039,CM,Manchester City,66010,11.54,-10.84,5066.0,Real Madrid CF
254,Nicolas,Otamendi,8039,CM,Manchester City,66011,11.61,-10.8,5066.0,Real Madrid CF
255,Nicolas,Otamendi,8039,CM,Manchester City,66012,11.67,-10.79,5066.0,Real Madrid CF
256,Nicolas,Otamendi,8039,CM,Manchester City,66013,11.72,-10.78,5066.0,Real Madrid CF
257,Nicolas,Otamendi,8039,CM,Manchester City,66014,11.76,-10.75,5066.0,Real Madrid CF
258,Nicolas,Otamendi,8039,CM,Manchester City,66015,11.8,-10.72,5066.0,Real Madrid CF
259,Nicolas,Otamendi,8039,CM,Manchester City,66016,11.84,-10.66,5066.0,Real Madrid CF
260,Nicolas,Otamendi,8039,CM,Manchester City,66017,11.92,-10.58,5066.0,Real Madrid CF
261,Nicolas,Otamendi,8039,CM,Manchester City,66018,11.98,-10.51,5066.0,Real Madrid CF
262,Nicolas,Otamendi,8039,CM,Manchester City,66019,12.05,-10.47,5066.0,Real Madrid CF
263,Nicolas,Otamendi,8039,CM,Manchester City,66020,12.12,-10.44,5066.0,Real Madrid CF
264,Nicolas,Otamendi,8039,CM,Manchester City,66021,12.19,-10.44,5066.0,Real Madrid CF
265,Nicolas,Otamendi,8039,CM,Manchester City,66022,12.25,-10.46,5066.0,Real Madrid CF
266,Nicolas,Otamendi,8039,CM,Manchester City,66023,12.3,-10.48,5066.0,Real Madrid CF
267,Nicolas,Otamendi,8039,CM,Manchester City,66024,12.33,-10.48,5066.0,Real Madrid CF
268,Nicolas,Otamendi,8039,CM,Manchester City,66025,12.38,-10.46,5066.0,Real Madrid CF
269,Nicolas,Otamendi,8039,CM,Manchester City,66026,12.45,-10.4,5066.0,Real Madrid CF
270,Nicolas,Otamendi,8039,CM,Manchester City,66027,12.53,-10.35,5066.0,Real Madrid CF
271,Nicolas,Otamendi,8039,CM,Manchester City,66028,12.6,-10.35,5066.0,Real Madrid CF
272,Nicolas,Otamendi,8039,CM,Manchester City,66029,12.66,-10.33,5066.0,Real Madrid CF
273,Nicolas,Otamendi,8039,CM,Manchester City,66030,12.71,-10.28,5066.0,Real Madrid CF
274,Nicolas,Otamendi,8039,CM,Manchester City,66031,12.76,-10.22,5066.0,Real Madrid CF
275,Nicolas,Otamendi,8039,CM,Manchester City,66032,12.8,-10.16,5066.0,Real Madrid CF
276,Nicolas,Otamendi,8039,CM,Manchester City,66033,12.87,-10.15,5066.0,Real Madrid CF
277,Nicolas,Otamendi,8039,CM,Manchester City,66034,12.94,-10.2,5066.0,Real Madrid CF
278,Nicolas,Otamendi,8039,CM,Manchester City,66035,13.05,-10.15,5066.0,Real Madrid CF
279,Nicolas,Otamendi,8039,CM,Manchester City,66036,13.11,-10.07,5066.0,Real Madrid CF
280,Nicolas,Otamendi,8039,CM,Manchester City,66037,13.17,-9.93,5066.0,Real Madrid CF
281,Nicolas,Otamendi,8039,CM,Manchester City,66038,13.21,-9.75,5066.0,Real Madrid CF
282,Nicolas,Otamendi,8039,CM,Manchester City,66392,7.24,10.52,5720.0,Real Madrid CF
283,Nicolas,Otamendi,8039,CM,Manchester City,66393,7.37,10.85,5720.0,Real Madrid CF
284,Nicolas,Otamendi,8039,CM,Manchester City,66394,7.49,11.17,,Real Madrid CF
285,Nicolas,Otamendi,8039,CM,Manchester City,66395,7.6,11.48,,Real Madrid CF
286,Nicolas,Otamendi,8039,CM,Manchester City,66396,7.7,11.82,,Real Madrid CF
287,Nicolas,Otamendi,8039,CM,Manchester City,66397,7.77,12.07,,Real Madrid CF
288,Nicolas,Otamendi,8039,CM,Manchester City,66398,7.88,12.3,,Real Madrid CF
289,Nicolas,Otamendi,8039,CM,Manchester City,66399,7.99,12.43,1684.0,Real Madrid CF
290,Nicolas,Otamendi,8039,CM,Manchester City,66400,8.15,12.58,1684.0,Real Madrid CF
291,Nicolas,Otamendi,8039,CM,Manchester City,66401,8.38,12.74,1684.0,Real Madrid CF
292,Nicolas,Otamendi,8039,CM,Manchester City,66402,8.66,12.96,1684.0,Real Madrid CF
293,Nicolas,Otamendi,8039,CM,Manchester City,66403,8.93,13.23,1684.0,Real Madrid CF
294,Nicolas,Otamendi,8039,CM,Manchester City,66404,9.2,13.51,,Real Madrid CF
295,Nicolas,Otamendi,8039,CM,Manchester City,66405,9.44,13.64,,Real Madrid CF
296,Nicolas,Otamendi,8039,CM,Manchester City,66406,9.72,13.78,,Real Madrid CF
297,Nicolas,Otamendi,8039,CM,Manchester City,66407,10.05,13.82,,Real Madrid CF
298,Nicolas,Otamendi,8039,CM,Manchester City,66408,10.38,13.89,,Real Madrid CF
299,Nicolas,Otamendi,8039,CM,Manchester City,66409,10.7,13.94,,Real Madrid CF
300,Nicolas,Otamendi,8039,CM,Manchester City,66410,11.02,14.09,,Real Madrid CF
301,Nicolas,Otamendi,8039,CM,Manchester City,66411,11.34,14.22,,Real Madrid CF
302,Nicolas,Otamendi,8039,CM,Manchester City,66412,11.7,14.36,,Real Madrid CF
303,Nicolas,Otamendi,8039,CM,Manchester City,66413,12.07,14.42,,Real Madrid CF
304,Nicolas,Otamendi,8039,CM,Manchester City,66414,12.4,14.49,,Real Madrid CF
305,Nicolas,Otamendi,8039,CM,Manchester City,66415,12.82,14.61,,Real Madrid CF
306,Nicolas,Otamendi,8039,CM,Manchester City,66416,13.29,14.7,,Real Madrid CF
307,Nicolas,Otamendi,8039,CM,Manchester City,66417,13.72,14.71,,Real Madrid CF
308,Nicolas,Otamendi,8039,CM,Manchester City,66418,14.1,14.66,,Real Madrid CF
309,Nicolas,Otamendi,8039,CM,Manchester City,66419,14.38,14.27,,Real Madrid CF
310,Nicolas,Otamendi,8039,CM,Manchester City,66420,14.59,13.93,,Real Madrid CF
311,Nicolas,Otamendi,8039,CM,Manchester City,66421,14.82,13.43,,Real Madrid CF
312,Nicolas,Otamendi,8039,CM,Manchester City,66422,15.0,12.86,,Real Madrid CF
313,Nicolas,Otamendi,8039,CM,Manchester City,66423,15.08,12.33,,Real Madrid CF
314,Nicolas,Otamendi,8039,CM,Manchester City,66424,15.04,11.74,,Real Madrid CF
315,Nicolas,Otamendi,8039,CM,Manchester City,66425,14.92,10.96,,Real Madrid CF
316,Nicolas,Otamendi,8039,CM,Manchester City,66426,14.84,10.53,,Real Madrid CF
317,Nicolas,Otamendi,8039,CM,Manchester City,66427,14.82,10.03,,Real Madrid CF
318,Nicolas,Otamendi,8039,CM,Manchester City,66428,14.89,9.71,,Real Madrid CF
319,Nicolas,Otamendi,8039,CM,Manchester City,66429,14.99,9.32,8039.0,Manchester City
320,Nicolas,Otamendi,8039,CM,Manchester City,66430,15.07,8.83,8039.0,Manchester City
321,Nicolas,Otamendi,8039,CM,Manchester City,66431,15.22,8.39,8039.0,Manchester City
322,Nicolas,Otamendi,8039,CM,Manchester City,66432,15.41,8.11,,Manchester City
323,Nicolas,Otamendi,8039,CM,Manchester City,66433,15.66,8.03,,Manchester City
324,Nicolas,Otamendi,8039,CM,Manchester City,66434,15.84,8.09,,Manchester City
325,Nicolas,Otamendi,8039,CM,Manchester City,66435,15.89,8.06,,Manchester City
326,Nicolas,Otamendi,8039,CM,Manchester City,66436,15.81,7.92,,Manchester City
327,Nicolas,Otamendi,8039,CM,Manchester City,66437,15.77,7.81,,Manchester City
328,Nicolas,Otamendi,8039,CM,Manchester City,66438,15.75,7.73,,Manchester City
329,Nicolas,Otamendi,8039,CM,Manchester City,66439,15.77,7.62,,Manchester City
330,Nicolas,Otamendi,8039,CM,Manchester City,66440,15.77,7.47,,Manchester City
331,Nicolas,Otamendi,8039,CM,Manchester City,66441,15.77,7.35,,Manchester City
332,Nicolas,Otamendi,8039,CM,Manchester City,66442,15.82,7.04,,Manchester City
333,Nicolas,Otamendi,8039,CM,Manchester City,66443,16.02,6.86,,Manchester City
334,Nicolas,Otamendi,8039,CM,Manchester City,66444,16.35,6.96,,Manchester City
335,Nicolas,Otamendi,8039,CM,Manchester City,66445,16.72,7.05,,Manchester City
336,Nicolas,Otamendi,8039,CM,Manchester City,66446,17.11,6.99,,Manchester City
337,Nicolas,Otamendi,8039,CM,Manchester City,66447,17.46,6.88,,Manchester City
338,Nicolas,Otamendi,8039,CM,Manchester City,66448,17.8,6.77,,Manchester City
339,Nicolas,Otamendi,8039,CM,Manchester City,66449,18.16,6.83,,Manchester City
340,Nicolas,Otamendi,8039,CM,Manchester City,66450,18.57,7.12,,Manchester City
341,Nicolas,Otamendi,8039,CM,Manchester City,66451,18.94,7.36,,Manchester City
342,Nicolas,Otamendi,8039,CM,Manchester City,66452,19.37,7.55,,Manchester City
343,Nicolas,Otamendi,8039,CM,Manchester City,66453,19.73,7.45,,Manchester City
344,Nicolas,Otamendi,8039,CM,Manchester City,66454,20.06,7.28,2934.0,Manchester City
345,Nicolas,Otamendi,8039,CM,Manchester City,66455,20.45,7.47,2934.0,Manchester City
346,Nicolas,Otamendi,8039,CM,Manchester City,66456,20.85,7.74,2934.0,Manchester City
347,Nicolas,Otamendi,8039,CM,Manchester City,66457,21.25,7.93,2934.0,Manchester City
348,Nicolas,Otamendi,8039,CM,Manchester City,66458,21.69,8.27,2934.0,Manchester City
349,Nicolas,Otamendi,8039,CM,Manchester City,66459,22.15,8.55,2934.0,Manchester City
350,Nicolas,Otamendi,8039,CM,Manchester City,66460,22.55,8.64,2934.0,Manchester City
351,Nicolas,Otamendi,8039,CM,Manchester City,66461,22.98,8.84,2934.0,Manchester City
352,Nicolas,Otamendi,8039,CM,Manchester City,66462,23.4,9.13,2934.0,Manchester City
353,Nicolas,Otamendi,8039,CM,Manchester City,66463,23.78,9.34,2934.0,Manchester City
354,Nicolas,Otamendi,8039,CM,Manchester City,66464,24.17,9.52,2934.0,Manchester City
355,Nicolas,Otamendi,8039,CM,Manchester City,66465,24.58,9.78,2934.0,Manchester City
356,Nicolas,Otamendi,8039,CM,Manchester City,66466,25.0,10.16,2934.0,Manchester City
357,Nicolas,Otamendi,8039,CM,Manchester City,66467,25.4,10.45,2934.0,Manchester City
358,Nicolas,Otamendi,8039,CM,Manchester City,66468,25.78,10.71,2934.0,Manchester City
359,Nicolas,Otamendi,8039,CM,Manchester City,66469,26.07,10.77,2934.0,Manchester City
360,Nicolas,Otamendi,8039,CM,Manchester City,66470,26.4,10.85,2934.0,Manchester City
361,Nicolas,Otamendi,8039,CM,Manchester City,66471,26.69,10.89,2934.0,Manchester City
362,Nicolas,Otamendi,8039,CM,Manchester City,66472,27.0,11.04,2934.0,Manchester City
363,Nicolas,Otamendi,8039,CM,Manchester City,66473,27.4,11.45,,Manchester City
364,Nicolas,Otamendi,8039,CM,Manchester City,66474,27.76,11.74,,Manchester City
365,Nicolas,Otamendi,8039,CM,Manchester City,66475,28.14,11.97,,Manchester City
366,Nicolas,Otamendi,8039,CM,Manchester City,66476,28.46,12.04,,Manchester City
367,Nicolas,Otamendi,8039,CM,Manchester City,66477,28.72,12.01,,Manchester City
368,Nicolas,Otamendi,8039,CM,Manchester City,66478,28.87,11.8,,Manchester City
369,Nicolas,Otamendi,8039,CM,Manchester City,66479,29.07,11.85,,Manchester City
370,Nicolas,Otamendi,8039,CM,Manchester City,66480,29.13,11.68,,Manchester City
371,Nicolas,Otamendi,8039,CM,Manchester City,66481,29.21,11.55,,Manchester City
372,Nicolas,Otamendi,8039,CM,Manchester City,66482,29.14,11.11,,Manchester City
373,Nicolas,Otamendi,8039,CM,Manchester City,66483,29.03,10.67,,Manchester City
374,Nicolas,Otamendi,8039,CM,Manchester City,66484,28.91,10.16,,Manchester City
375,Nicolas,Otamendi,8039,CM,Manchester City,66485,28.89,9.93,,Manchester City
376,Nicolas,Otamendi,8039,CM,Manchester City,66486,28.81,9.6,,Manchester City
377,Nicolas,Otamendi,8039,CM,Manchester City,66487,28.71,9.27,,Manchester City
378,Nicolas,Otamendi,8039,CM,Manchester City,66488,28.6,8.95,,Manchester City
379,Nicolas,Otamendi,8039,CM,Manchester City,66669,7.44,-7.78,,Manchester City
380,Nicolas,Otamendi,8039,CM,Manchester City,66670,7.7,-7.71,,Real Madrid CF
381,Nicolas,Otamendi,8039,CM,Manchester City,66671,7.98,-7.63,,Real Madrid CF
382,Nicolas,Otamendi,8039,CM,Manchester City,66672,8.26,-7.54,,Real Madrid CF
383,Nicolas,Otamendi,8039,CM,Manchester City,66673,8.58,-7.46,,Real Madrid CF
384,Nicolas,Otamendi,8039,CM,Manchester City,66674,8.87,-7.24,,Real Madrid CF
385,Nicolas,Otamendi,8039,CM,Manchester City,66675,9.16,-7.11,,Real Madrid CF
386,Nicolas,Otamendi,8039,CM,Manchester City,66676,9.52,-6.84,,Real Madrid CF
387,Nicolas,Otamendi,8039,CM,Manchester City,66677,9.89,-6.76,11928.0,Real Madrid CF
388,Nicolas,Otamendi,8039,CM,Manchester City,66678,10.24,-6.79,11928.0,Real Madrid CF
389,Nicolas,Otamendi,8039,CM,Manchester City,66679,10.56,-6.9,11928.0,Real Madrid CF
390,Nicolas,Otamendi,8039,CM,Manchester City,66680,10.89,-6.86,11928.0,Real Madrid CF
391,Nicolas,Otamendi,8039,CM,Manchester City,66681,11.25,-6.7,11928.0,Real Madrid CF
392,Nicolas,Otamendi,8039,CM,Manchester City,66682,11.64,-6.38,11928.0,Real Madrid CF
393,Nicolas,Otamendi,8039,CM,Manchester City,66683,12.03,-6.08,11928.0,Real Madrid CF
394,Nicolas,Otamendi,8039,CM,Manchester City,66684,12.42,-5.64,11928.0,Real Madrid CF
395,Nicolas,Otamendi,8039,CM,Manchester City,66685,12.77,-5.3,11928.0,Real Madrid CF
396,Nicolas,Otamendi,8039,CM,Manchester City,66686,13.13,-4.98,11928.0,Real Madrid CF
397,Nicolas,Otamendi,8039,CM,Manchester City,66687,13.53,-4.47,11928.0,Real Madrid CF
398,Nicolas,Otamendi,8039,CM,Manchester City,66688,13.87,-4.16,11928.0,Real Madrid CF
399,Nicolas,Otamendi,8039,CM,Manchester City,66689,14.21,-3.79,11928.0,Real Madrid CF
400,Nicolas,Otamendi,8039,CM,Manchester City,66690,14.64,-3.09,11928.0,Real Madrid CF
401,Nicolas,Otamendi,8039,CM,Manchester City,66691,14.98,-2.54,11928.0,Real Madrid CF
402,Nicolas,Otamendi,8039,CM,Manchester City,66692,15.27,-2.2,11928.0,Real Madrid CF
403,Nicolas,Otamendi,8039,CM,Manchester City,66693,15.66,-1.47,11928.0,Real Madrid CF
404,Nicolas,Otamendi,8039,CM,Manchester City,66694,15.97,-0.99,11928.0,Real Madrid CF
405,Nicolas,Otamendi,8039,CM,Manchester City,66695,16.23,-0.76,11928.0,Real Madrid CF
406,Nicolas,Otamendi,8039,CM,Manchester City,66696,16.6,-0.13,11928.0,Real Madrid CF
407,Nicolas,Otamendi,8039,CM,Manchester City,66697,16.94,0.44,11928.0,Real Madrid CF
408,Nicolas,Otamendi,8039,CM,Manchester City,66698,17.19,0.68,11928.0,Real Madrid CF
409,Nicolas,Otamendi,8039,CM,Manchester City,66699,17.6,1.45,11928.0,Real Madrid CF
410,Nicolas,Otamendi,8039,CM,Manchester City,66700,17.97,2.11,11928.0,Real Madrid CF
411,Nicolas,Otamendi,8039,CM,Manchester City,66701,18.24,2.4,11928.0,Real Madrid CF
412,Nicolas,Otamendi,8039,CM,Manchester City,66702,18.51,2.73,11928.0,Real Madrid CF
413,Nicolas,Otamendi,8039,CM,Manchester City,66703,18.83,3.3,11928.0,Real Madrid CF
414,Nicolas,Otamendi,8039,CM,Manchester City,66704,19.1,3.68,11928.0,Real Madrid CF
415,Nicolas,Otamendi,8039,CM,Manchester City,66705,19.42,4.2,11928.0,Real Madrid CF
416,Nicolas,Otamendi,8039,CM,Manchester City,66706,19.82,4.97,11928.0,Real Madrid CF
417,Nicolas,Otamendi,8039,CM,Manchester City,66707,20.14,5.55,11928.0,Real Madrid CF
418,Nicolas,Otamendi,8039,CM,Manchester City,66708,20.36,5.93,11928.0,Real Madrid CF
419,Nicolas,Otamendi,8039,CM,Manchester City,66709,20.53,6.31,11928.0,Real Madrid CF
420,Nicolas,Otamendi,8039,CM,Manchester City,66710,20.74,6.81,11928.0,Real Madrid CF
421,Nicolas,Otamendi,8039,CM,Manchester City,66711,20.94,7.21,,Real Madrid CF
422,Nicolas,Otamendi,8039,CM,Manchester City,66712,21.21,7.72,,Real Madrid CF
423,Nicolas,Otamendi,8039,CM,Manchester City,66713,21.45,8.15,,Real Madrid CF
424,Nicolas,Otamendi,8039,CM,Manchester City,66714,21.72,8.66,,Real Madrid CF
425,Nicolas,Otamendi,8039,CM,Manchester City,66715,21.9,8.9,,Real Madrid CF
426,Nicolas,Otamendi,8039,CM,Manchester City,66716,22.15,9.32,,Real Madrid CF
427,Nicolas,Otamendi,8039,CM,Manchester City,66717,22.41,9.87,,Real Madrid CF
428,Nicolas,Otamendi,8039,CM,Manchester City,66718,22.64,10.32,,Real Madrid CF
429,Nicolas,Otamendi,8039,CM,Manchester City,66719,22.84,10.6,,Real Madrid CF
430,Nicolas,Otamendi,8039,CM,Manchester City,66720,23.09,11.01,,Real Madrid CF
431,Nicolas,Otamendi,8039,CM,Manchester City,66721,23.37,11.41,,Real Madrid CF
432,Nicolas,Otamendi,8039,CM,Manchester City,66722,23.66,11.71,5720.0,Real Madrid CF
433,Nicolas,Otamendi,8039,CM,Manchester City,66723,24.0,12.17,5720.0,Real Madrid CF
434,Nicolas,Otamendi,8039,CM,Manchester City,66724,24.33,12.56,,Real Madrid CF
435,Nicolas,Otamendi,8039,CM,Manchester City,66725,24.63,12.78,,Real Madrid CF
436,Nicolas,Otamendi,8039,CM,Manchester City,66726,24.98,13.0,,Real Madrid CF
437,Nicolas,Otamendi,8039,CM,Manchester City,66727,25.42,13.33,,Real Madrid CF
438,Nicolas,Otamendi,8039,CM,Manchester City,66728,25.81,13.51,,Real Madrid CF
439,Nicolas,Otamendi,8039,CM,Manchester City,66729,26.18,13.61,,Real Madrid CF
440,Nicolas,Otamendi,8039,CM,Manchester City,66730,26.62,13.8,,Real Madrid CF
441,Nicolas,Otamendi,8039,CM,Manchester City,66731,27.09,14.12,,Real Madrid CF
442,Nicolas,Otamendi,8039,CM,Manchester City,66732,27.62,14.44,,Real Madrid CF
443,Nicolas,Otamendi,8039,CM,Manchester City,66733,28.11,14.59,,Real Madrid CF
444,Nicolas,Otamendi,8039,CM,Manchester City,66734,28.54,14.59,,Real Madrid CF
445,Nicolas,Otamendi,8039,CM,Manchester City,66735,28.94,14.46,,Real Madrid CF
446,Nicolas,Otamendi,8039,CM,Manchester City,66736,29.4,14.38,,Real Madrid CF
447,Nicolas,Otamendi,8039,CM,Manchester City,66737,29.82,14.26,,Real Madrid CF
448,Nicolas,Otamendi,8039,CM,Manchester City,66738,30.23,14.04,,Real Madrid CF
449,Nicolas,Otamendi,8039,CM,Manchester City,66739,30.6,13.78,,Real Madrid CF
450,Nicolas,Otamendi,8039,CM,Manchester City,66740,31.05,13.68,,Real Madrid CF
451,Nicolas,Otamendi,8039,CM,Manchester City,66741,31.49,13.63,,Real Madrid CF
452,Nicolas,Otamendi,8039,CM,Manchester City,66742,31.89,13.55,,Real Madrid CF
453,Nicolas,Otamendi,8039,CM,Manchester City,66743,32.2,13.3,,Real Madrid CF
454,Nicolas,Otamendi,8039,CM,Manchester City,66744,32.42,13.0,,Real Madrid CF
455,Nicolas,Otamendi,8039,CM,Manchester City,66745,32.57,12.82,,Real Madrid CF
456,Nicolas,Otamendi,8039,CM,Manchester City,66746,32.7,12.82,,Real Madrid CF
457,Nicolas,Otamendi,8039,CM,Manchester City,66747,32.73,12.83,5821.0,Manchester City
458,Nicolas,Otamendi,8039,CM,Manchester City,66748,32.7,12.78,5821.0,Manchester City
459,Nicolas,Otamendi,8039,CM,Manchester City,66749,32.64,12.6,5821.0,Manchester City
460,Nicolas,Otamendi,8039,CM,Manchester City,66750,32.6,12.44,5821.0,Manchester City
461,Nicolas,Otamendi,8039,CM,Manchester City,66751,32.59,12.34,5821.0,Manchester City
462,Nicolas,Otamendi,8039,CM,Manchester City,66752,32.58,12.29,5821.0,Manchester City
463,Nicolas,Otamendi,8039,CM,Manchester City,66753,32.56,12.27,5821.0,Manchester City
464,Nicolas,Otamendi,8039,CM,Manchester City,66754,32.55,12.26,5821.0,Manchester City
465,Nicolas,Otamendi,8039,CM,Manchester City,66755,32.54,12.28,5821.0,Manchester City
466,Nicolas,Otamendi,8039,CM,Manchester City,66756,32.54,12.39,5821.0,Manchester City
467,Nicolas,Otamendi,8039,CM,Manchester City,66757,32.49,12.45,5821.0,Manchester City
468,Nicolas,Otamendi,8039,CM,Manchester City,66758,32.44,12.52,5821.0,Manchester City
469,Nicolas,Otamendi,8039,CM,Manchester City,66759,32.37,12.51,5821.0,Manchester City
470,Nicolas,Otamendi,8039,CM,Manchester City,66760,32.31,12.49,5821.0,Manchester City
471,Nicolas,Otamendi,8039,CM,Manchester City,66761,32.26,12.49,5821.0,Manchester City
472,Nicolas,Otamendi,8039,CM,Manchester City,66762,32.21,12.61,5821.0,Manchester City
473,Nicolas,Otamendi,8039,CM,Manchester City,66763,32.13,12.66,5821.0,Manchester City
474,Nicolas,Otamendi,8039,CM,Manchester City,66764,32.07,12.82,5821.0,Manchester City
475,Nicolas,Otamendi,8039,CM,Manchester City,66765,31.99,12.87,5821.0,Manchester City
476,Nicolas,Otamendi,8039,CM,Manchester City,66766,31.94,12.91,5821.0,Manchester City
477,Nicolas,Otamendi,8039,CM,Manchester City,66767,31.9,12.92,5821.0,Manchester City
478,Nicolas,Otamendi,8039,CM,Manchester City,66768,31.89,12.95,5821.0,Manchester City
479,Nicolas,Otamendi,8039,CM,Manchester City,66769,31.89,13.0,5821.0,Manchester City
480,Nicolas,Otamendi,8039,CM,Manchester City,66770,31.87,13.0,5821.0,Manchester City
481,Nicolas,Otamendi,8039,CM,Manchester City,66771,31.84,12.97,5821.0,Manchester City
482,Nicolas,Otamendi,8039,CM,Manchester City,66772,31.82,12.96,,Manchester City
483,Nicolas,Otamendi,8039,CM,Manchester City,66773,31.78,12.9,,Manchester City
484,Nicolas,Otamendi,8039,CM,Manchester City,66774,31.75,12.87,,Manchester City
485,Nicolas,Otamendi,8039,CM,Manchester City,66775,31.74,12.85,,Manchester City
486,Nicolas,Otamendi,8039,CM,Manchester City,66776,31.68,12.67,,Manchester City
487,Nicolas,Otamendi,8039,CM,Manchester City,66777,31.65,12.55,,Manchester City
488,Nicolas,Otamendi,8039,CM,Manchester City,66778,31.63,12.51,,Manchester City
489,Nicolas,Otamendi,8039,CM,Manchester City,66779,31.57,12.46,,Manchester City
490,Nicolas,Otamendi,8039,CM,Manchester City,66780,31.58,12.5,,Manchester City
491,Nicolas,Otamendi,8039,CM,Manchester City,66781,31.6,12.49,,Manchester City
492,Nicolas,Otamendi,8039,CM,Manchester City,66782,31.63,12.54,1336.0,Manchester City
493,Nicolas,Otamendi,8039,CM,Manchester City,66783,31.67,12.61,1336.0,Manchester City
494,Nicolas,Otamendi,8039,CM,Manchester City,66784,31.72,12.7,1336.0,Manchester City
495,Nicolas,Otamendi,8039,CM,Manchester City,66835,31.77,12.11,2501.0,Manchester City
496,Nicolas,Otamendi,8039,CM,Manchester City,66836,31.77,11.82,2501.0,Manchester City
497,Nicolas,Otamendi,8039,CM,Manchester City,66837,31.76,11.58,2501.0,Manchester City
498,Nicolas,Otamendi,8039,CM,Manchester City,66838,31.74,11.38,2501.0,Manchester City
499,Nicolas,Otamendi,8039,CM,Manchester City,66839,31.66,11.21,2501.0,Manchester City
500,Nicolas,Otamendi,8039,CM,Manchester City,66840,31.65,11.12,,Manchester City
501,Nicolas,Otamendi,8039,CM,Manchester City,66841,31.72,11.18,,Manchester City
502,Nicolas,Otamendi,8039,CM,Manchester City,66842,31.8,11.16,2501.0,Manchester City
503,Nicolas,Otamendi,8039,CM,Manchester City,66843,31.95,11.18,,Manchester City
504,Nicolas,Otamendi,8039,CM,Manchester City,66844,32.09,11.21,,Manchester City
505,Nicolas,Otamendi,8039,CM,Manchester City,66845,32.16,11.17,,Manchester City
506,Nicolas,Otamendi,8039,CM,Manchester City,66846,32.27,11.19,,Manchester City
507,Nicolas,Otamendi,8039,CM,Manchester City,66847,32.35,11.22,,Manchester City
508,Nicolas,Otamendi,8039,CM,Manchester City,66848,32.39,11.09,,Manchester City
509,Nicolas,Otamendi,8039,CM,Manchester City,66849,32.43,10.91,,Manchester City
510,Nicolas,Otamendi,8039,CM,Manchester City,66850,32.45,10.74,,Manchester City
511,Nicolas,Otamendi,8039,CM,Manchester City,66851,32.44,10.49,,Manchester City
512,Nicolas,Otamendi,8039,CM,Manchester City,66852,32.46,10.37,1152.0,Manchester City
513,Nicolas,Otamendi,8039,CM,Manchester City,66853,32.49,10.2,1152.0,Manchester City
514,Nicolas,Otamendi,8039,CM,Manchester City,66854,32.52,10.01,1152.0,Manchester City
515,Nicolas,Otamendi,8039,CM,Manchester City,66855,32.54,9.8,1152.0,Manchester City
516,Nicolas,Otamendi,8039,CM,Manchester City,66856,32.58,9.63,1152.0,Manchester City
517,Nicolas,Otamendi,8039,CM,Manchester City,66857,32.64,9.53,1152.0,Manchester City
518,Nicolas,Otamendi,8039,CM,Manchester City,66858,32.7,9.48,1152.0,Manchester City
519,Nicolas,Otamendi,8039,CM,Manchester City,66859,32.77,9.43,1152.0,Manchester City
520,Nicolas,Otamendi,8039,CM,Manchester City,66860,32.76,9.27,1152.0,Manchester City
521,Nicolas,Otamendi,8039,CM,Manchester City,66861,32.73,9.06,1152.0,Manchester City
522,Nicolas,Otamendi,8039,CM,Manchester City,66862,32.74,8.89,1152.0,Manchester City
523,Nicolas,Otamendi,8039,CM,Manchester City,66863,32.73,8.69,1152.0,Manchester City
524,Nicolas,Otamendi,8039,CM,Manchester City,66864,32.71,8.4,1152.0,Manchester City
525,Nicolas,Otamendi,8039,CM,Manchester City,66865,32.68,8.13,1152.0,Manchester City
526,Nicolas,Otamendi,8039,CM,Manchester City,66866,32.63,7.85,1152.0,Manchester City
527,Nicolas,Otamendi,8039,CM,Manchester City,66867,32.6,7.62,1152.0,Manchester City
528,Nicolas,Otamendi,8039,CM,Manchester City,66868,32.65,7.58,1152.0,Manchester City
529,Nicolas,Otamendi,8039,CM,Manchester City,66869,32.74,7.7,1152.0,Manchester City
530,Nicolas,Otamendi,8039,CM,Manchester City,66870,32.8,7.72,,Manchester City
531,Nicolas,Otamendi,8039,CM,Manchester City,66871,32.87,7.72,,Manchester City
532,Nicolas,Otamendi,8039,CM,Manchester City,66872,32.91,7.57,,Manchester City
533,Nicolas,Otamendi,8039,CM,Manchester City,66873,33.0,7.43,,Manchester City
534,Nicolas,Otamendi,8039,CM,Manchester City,66874,33.09,7.27,,Manchester City
535,Nicolas,Otamendi,8039,CM,Manchester City,66875,33.16,7.09,,Manchester City
536,Nicolas,Otamendi,8039,CM,Manchester City,66876,33.23,6.78,,Manchester City
537,Nicolas,Otamendi,8039,CM,Manchester City,66877,33.19,6.54,,Manchester City
538,Nicolas,Otamendi,8039,CM,Manchester City,66878,33.08,6.3,,Manchester City
539,Nicolas,Otamendi,8039,CM,Manchester City,66879,32.92,6.05,,Manchester City
540,Nicolas,Otamendi,8039,CM,Manchester City,67161,15.04,4.07,,Real Madrid CF
541,Nicolas,Otamendi,8039,CM,Manchester City,67162,14.58,3.24,,Real Madrid CF
542,Nicolas,Otamendi,8039,CM,Manchester City,67163,14.2,2.79,,Real Madrid CF
543,Nicolas,Otamendi,8039,CM,Manchester City,67164,13.92,2.71,,Real Madrid CF
544,Nicolas,Otamendi,8039,CM,Manchester City,67165,13.69,3.16,,Real Madrid CF
545,Nicolas,Otamendi,8039,CM,Manchester City,67166,13.55,3.62,,Real Madrid CF
546,Nicolas,Otamendi,8039,CM,Manchester City,67167,13.52,4.39,,Real Madrid CF
547,Nicolas,Otamendi,8039,CM,Manchester City,67168,13.54,5.18,,Real Madrid CF
548,Nicolas,Otamendi,8039,CM,Manchester City,67169,13.54,5.98,,Real Madrid CF
549,Nicolas,Otamendi,8039,CM,Manchester City,67170,13.35,5.84,,Real Madrid CF
550,Nicolas,Otamendi,8039,CM,Manchester City,67171,13.05,5.29,,Real Madrid CF
551,Nicolas,Otamendi,8039,CM,Manchester City,67172,12.67,4.29,,Real Madrid CF
552,Nicolas,Otamendi,8039,CM,Manchester City,67173,12.33,3.32,,Real Madrid CF
553,Nicolas,Otamendi,8039,CM,Manchester City,67174,12.19,2.79,,Real Madrid CF
554,Nicolas,Otamendi,8039,CM,Manchester City,67175,12.31,3.11,,Real Madrid CF
555,Nicolas,Otamendi,8039,CM,Manchester City,67176,12.54,3.54,,Real Madrid CF
556,Nicolas,Otamendi,8039,CM,Manchester City,67177,12.76,3.99,,Real Madrid CF
557,Nicolas,Otamendi,8039,CM,Manchester City,67178,12.97,4.23,,Real Madrid CF
558,Nicolas,Otamendi,8039,CM,Manchester City,67179,13.11,4.33,,Real Madrid CF
559,Nicolas,Otamendi,8039,CM,Manchester City,67180,13.17,4.3,,Real Madrid CF
560,Nicolas,Otamendi,8039,CM,Manchester City,67181,13.25,4.27,,Real Madrid CF
561,Nicolas,Otamendi,8039,CM,Manchester City,67182,13.38,4.47,,Real Madrid CF
562,Nicolas,Otamendi,8039,CM,Manchester City,67183,13.56,4.7,,Real Madrid CF
563,Nicolas,Otamendi,8039,CM,Manchester City,67184,13.73,4.76,,Real Madrid CF
564,Nicolas,Otamendi,8039,CM,Manchester City,67185,13.87,4.79,,Real Madrid CF
565,Nicolas,Otamendi,8039,CM,Manchester City,67186,14.03,4.86,,Real Madrid CF
566,Nicolas,Otamendi,8039,CM,Manchester City,67187,14.22,4.94,,Real Madrid CF
567,Nicolas,Otamendi,8039,CM,Manchester City,67188,14.46,5.13,,Real Madrid CF
568,Nicolas,Otamendi,8039,CM,Manchester City,67189,14.74,5.4,,Real Madrid CF
569,Nicolas,Otamendi,8039,CM,Manchester City,67190,15.02,5.58,,Real Madrid CF
570,Nicolas,Otamendi,8039,CM,Manchester City,67191,15.29,5.63,,Real Madrid CF
571,Nicolas,Otamendi,8039,CM,Manchester City,67192,15.57,5.82,,Real Madrid CF
572,Nicolas,Otamendi,8039,CM,Manchester City,67193,15.88,6.16,,Real Madrid CF
573,Nicolas,Otamendi,8039,CM,Manchester City,67194,16.22,6.6,,Real Madrid CF
574,Nicolas,Otamendi,8039,CM,Manchester City,67195,16.57,6.93,,Real Madrid CF
575,Nicolas,Otamendi,8039,CM,Manchester City,67196,16.87,6.96,,Real Madrid CF
576,Nicolas,Otamendi,8039,CM,Manchester City,67197,17.19,6.91,,Real Madrid CF
577,Nicolas,Otamendi,8039,CM,Manchester City,67198,17.51,6.88,,Real Madrid CF
578,Nicolas,Otamendi,8039,CM,Manchester City,67199,17.77,6.75,,Real Madrid CF
579,Nicolas,Otamendi,8039,CM,Manchester City,67200,18.05,6.81,,Real Madrid CF
580,Nicolas,Otamendi,8039,CM,Manchester City,67201,18.32,6.8,,Real Madrid CF
581,Nicolas,Otamendi,8039,CM,Manchester City,67202,18.59,6.61,,Real Madrid CF
582,Nicolas,Otamendi,8039,CM,Manchester City,67203,18.88,6.65,,Real Madrid CF
583,Nicolas,Otamendi,8039,CM,Manchester City,67204,19.22,6.84,,Real Madrid CF
584,Nicolas,Otamendi,8039,CM,Manchester City,67205,19.56,6.83,,Real Madrid CF
585,Nicolas,Otamendi,8039,CM,Manchester City,67206,19.93,6.9,,Real Madrid CF
586,Nicolas,Otamendi,8039,CM,Manchester City,67207,20.31,7.02,,Real Madrid CF
587,Nicolas,Otamendi,8039,CM,Manchester City,67208,20.73,7.11,2934.0,Manchester City
588,Nicolas,Otamendi,8039,CM,Manchester City,67209,21.12,7.23,2934.0,Manchester City
589,Nicolas,Otamendi,8039,CM,Manchester City,67210,21.48,7.33,2934.0,Manchester City
590,Nicolas,Otamendi,8039,CM,Manchester City,67211,21.8,7.28,2934.0,Manchester City
591,Nicolas,Otamendi,8039,CM,Manchester City,67212,22.11,7.24,2934.0,Manchester City
592,Nicolas,Otamendi,8039,CM,Manchester City,67213,22.48,7.33,2934.0,Manchester City
593,Nicolas,Otamendi,8039,CM,Manchester City,67214,22.87,7.52,2934.0,Manchester City
594,Nicolas,Otamendi,8039,CM,Manchester City,67215,23.25,7.66,2934.0,Manchester City
595,Nicolas,Otamendi,8039,CM,Manchester City,67216,23.6,7.75,2934.0,Manchester City
596,Nicolas,Otamendi,8039,CM,Manchester City,67217,23.91,7.77,,Manchester City
597,Nicolas,Otamendi,8039,CM,Manchester City,67218,24.25,7.89,,Manchester City
598,Nicolas,Otamendi,8039,CM,Manchester City,67219,24.59,7.95,,Manchester City
599,Nicolas,Otamendi,8039,CM,Manchester City,67220,24.95,8.08,,Manchester City
600,Nicolas,Otamendi,8039,CM,Manchester City,67221,25.28,8.13,,Manchester City
601,Nicolas,Otamendi,8039,CM,Manchester City,67222,25.63,8.17,,Manchester City
602,Nicolas,Otamendi,8039,CM,Manchester City,67223,25.95,8.24,,Manchester City
603,Nicolas,Otamendi,8039,CM,Manchester City,67224,26.31,8.37,,Manchester City
604,Nicolas,Otamendi,8039,CM,Manchester City,67225,26.62,8.39,,Manchester City
605,Nicolas,Otamendi,8039,CM,Manchester City,67226,27.0,8.58,,Manchester City
606,Nicolas,Otamendi,8039,CM,Manchester City,67227,27.35,8.68,,Manchester City
607,Nicolas,Otamendi,8039,CM,Manchester City,67228,27.67,8.7,,Manchester City
608,Nicolas,Otamendi,8039,CM,Manchester City,67229,27.99,8.73,,Manchester City
609,Nicolas,Otamendi,8039,CM,Manchester City,67230,28.3,8.77,,Manchester City
610,Nicolas,Otamendi,8039,CM,Manchester City,67231,28.59,8.76,,Manchester City
611,Nicolas,Otamendi,8039,CM,Manchester City,67232,28.9,8.78,,Manchester City
612,Nicolas,Otamendi,8039,CM,Manchester City,67233,29.21,8.8,,Manchester City
613,Nicolas,Otamendi,8039,CM,Manchester City,67234,29.5,8.83,,Manchester City
614,Nicolas,Otamendi,8039,CM,Manchester City,67235,29.82,8.9,,Manchester City
615,Nicolas,Otamendi,8039,CM,Manchester City,67236,30.08,8.89,,Manchester City
616,Nicolas,Otamendi,8039,CM,Manchester City,67237,30.37,8.89,,Manchester City
617,Nicolas,Otamendi,8039,CM,Manchester City,67238,30.61,8.82,,Manchester City
618,Nicolas,Otamendi,8039,CM,Manchester City,67239,30.85,8.72,,Manchester City
619,Nicolas,Otamendi,8039,CM,Manchester City,67240,31.06,8.65,,Manchester City
620,Nicolas,Otamendi,8039,CM,Manchester City,67241,31.27,8.58,,Manchester City
621,Nicolas,Otamendi,8039,CM,Manchester City,67242,31.47,8.56,,Manchester City
622,Nicolas,Otamendi,8039,CM,Manchester City,67243,31.68,8.51,,Manchester City
623,Nicolas,Otamendi,8039,CM,Manchester City,67244,31.83,8.36,,Manchester City
624,Nicolas,Otamendi,8039,CM,Manchester City,67245,31.98,8.22,,Manchester City
625,Nicolas,Otamendi,8039,CM,Manchester City,67246,32.12,8.14,,Manchester City
626,Nicolas,Otamendi,8039,CM,Manchester City,67247,32.25,8.06,2934.0,Manchester City
627,Nicolas,Otamendi,8039,CM,Manchester City,67248,32.38,7.99,2934.0,Manchester City
628,Nicolas,Otamendi,8039,CM,Manchester City,67249,32.49,7.87,2934.0,Manchester City
629,Nicolas,Otamendi,8039,CM,Manchester City,67250,32.58,7.75,2934.0,Manchester City
630,Nicolas,Otamendi,8039,CM,Manchester City,67251,32.68,7.69,2934.0,Manchester City
631,Nicolas,Otamendi,8039,CM,Manchester City,67252,32.78,7.62,2934.0,Manchester City
632,Nicolas,Otamendi,8039,CM,Manchester City,67253,32.87,7.47,2934.0,Manchester City
633,Nicolas,Otamendi,8039,CM,Manchester City,67254,32.94,7.28,2934.0,Manchester City
634,Nicolas,Otamendi,8039,CM,Manchester City,67255,33.01,7.13,2934.0,Manchester City
635,Nicolas,Otamendi,8039,CM,Manchester City,67256,33.09,7.05,2934.0,Manchester City
636,Nicolas,Otamendi,8039,CM,Manchester City,67257,33.14,7.0,2934.0,Manchester City
637,Nicolas,Otamendi,8039,CM,Manchester City,67258,33.17,6.95,2934.0,Manchester City
638,Nicolas,Otamendi,8039,CM,Manchester City,67259,33.17,6.84,2934.0,Manchester City
639,Nicolas,Otamendi,8039,CM,Manchester City,67260,33.16,6.7,2934.0,Manchester City
640,Nicolas,Otamendi,8039,CM,Manchester City,67261,33.15,6.53,,Manchester City
641,Nicolas,Otamendi,8039,CM,Manchester City,67262,33.18,6.42,,Manchester City
642,Nicolas,Otamendi,8039,CM,Manchester City,67263,33.22,6.33,,Manchester City
643,Nicolas,Otamendi,8039,CM,Manchester City,67264,33.25,6.23,,Manchester City
644,Nicolas,Otamendi,8039,CM,Manchester City,67265,33.23,6.11,,Manchester City
645,Nicolas,Otamendi,8039,CM,Manchester City,67266,33.18,5.98,,Manchester City
646,Nicolas,Otamendi,8039,CM,Manchester City,67267,33.14,5.9,,Manchester City
647,Nicolas,Otamendi,8039,CM,Manchester City,67268,33.12,5.87,,Manchester City
648,Nicolas,Otamendi,8039,CM,Manchester City,67269,33.09,5.82,,Manchester City
649,Nicolas,Otamendi,8039,CM,Manchester City,67270,33.07,5.78,,Manchester City
650,Nicolas,Otamendi,8039,CM,Manchester City,67271,33.03,5.66,,Manchester City
651,Nicolas,Otamendi,8039,CM,Manchester City,67272,33.01,5.57,,Manchester City
652,Nicolas,Otamendi,8039,CM,Manchester City,67273,33.0,5.5,,Manchester City
653,Nicolas,Otamendi,8039,CM,Manchester City,67274,32.96,5.42,,Manchester City
654,Nicolas,Otamendi,8039,CM,Manchester City,67275,32.89,5.28,,Manchester City
655,Nicolas,Otamendi,8039,CM,Manchester City,67276,32.76,5.07,,Manchester City
656,Nicolas,Otamendi,8039,CM,Manchester City,67277,32.61,4.8,,Manchester City
657,Nicolas,Otamendi,8039,CM,Manchester City,67278,32.47,4.61,,Manchester City
658,Nicolas,Otamendi,8039,CM,Manchester City,67279,32.3,4.4,,Manchester City
659,Nicolas,Otamendi,8039,CM,Manchester City,67280,32.15,4.3,,Manchester City
660,Nicolas,Otamendi,8039,CM,Manchester City,67281,32.0,4.25,,Manchester City
661,Nicolas,Otamendi,8039,CM,Manchester City,67282,31.81,4.21,,Manchester City
662,Nicolas,Otamendi,8039,CM,Manchester City,67283,31.67,4.32,,Manchester City
663,Nicolas,Otamendi,8039,CM,Manchester City,67284,31.45,4.25,,Manchester City
664,Nicolas,Otamendi,8039,CM,Manchester City,67285,31.15,4.04,,Manchester City
665,Nicolas,Otamendi,8039,CM,Manchester City,67286,30.85,3.83,,Manchester City
666,Nicolas,Otamendi,8039,CM,Manchester City,67287,30.54,3.64,,Manchester City
667,Nicolas,Otamendi,8039,CM,Manchester City,67288,30.24,3.47,,Manchester City
668,Nicolas,Otamendi,8039,CM,Manchester City,67289,30.03,3.52,,Manchester City
669,Nicolas,Otamendi,8039,CM,Manchester City,67290,29.77,3.48,,Manchester City
670,Nicolas,Otamendi,8039,CM,Manchester City,67291,29.52,3.49,,Manchester City
671,Nicolas,Otamendi,8039,CM,Manchester City,67292,29.19,3.38,,Manchester City
672,Nicolas,Otamendi,8039,CM,Manchester City,67293,28.83,3.21,,Manchester City
673,Nicolas,Otamendi,8039,CM,Manchester City,67294,28.51,3.07,,Manchester City
674,Nicolas,Otamendi,8039,CM,Manchester City,67295,28.25,3.16,,Manchester City
675,Nicolas,Otamendi,8039,CM,Manchester City,67296,27.95,3.16,,Manchester City
676,Nicolas,Otamendi,8039,CM,Manchester City,67297,27.71,3.29,,Manchester City
677,Nicolas,Otamendi,8039,CM,Manchester City,67298,27.36,3.24,,Manchester City
678,Nicolas,Otamendi,8039,CM,Manchester City,67299,26.95,3.06,,Manchester City
679,Nicolas,Otamendi,8039,CM,Manchester City,67300,26.53,2.85,,Manchester City
680,Nicolas,Otamendi,8039,CM,Manchester City,67301,26.15,2.74,,Manchester City
681,Nicolas,Otamendi,8039,CM,Manchester City,67302,25.7,2.49,,Manchester City
682,Nicolas,Otamendi,8039,CM,Manchester City,67303,25.32,2.34,,Manchester City
683,Nicolas,Otamendi,8039,CM,Manchester City,67304,24.94,2.21,,Manchester City
684,Nicolas,Otamendi,8039,CM,Manchester City,67305,24.6,2.17,,Manchester City
685,Nicolas,Otamendi,8039,CM,Manchester City,67306,24.24,2.12,,Manchester City
686,Nicolas,Otamendi,8039,CM,Manchester City,67307,23.85,1.99,,Manchester City
687,Nicolas,Otamendi,8039,CM,Manchester City,67308,23.45,1.86,,Manchester City
688,Nicolas,Otamendi,8039,CM,Manchester City,67309,23.08,1.76,,Manchester City
689,Nicolas,Otamendi,8039,CM,Manchester City,67310,22.64,1.54,,Manchester City
690,Nicolas,Otamendi,8039,CM,Manchester City,67311,22.27,1.47,,Manchester City
691,Nicolas,Otamendi,8039,CM,Manchester City,67312,21.97,1.63,,Manchester City
692,Nicolas,Otamendi,8039,CM,Manchester City,67313,21.61,1.59,,Manchester City
693,Nicolas,Otamendi,8039,CM,Manchester City,67314,21.21,1.47,,Manchester City
694,Nicolas,Otamendi,8039,CM,Manchester City,67315,20.82,1.32,,Manchester City
695,Nicolas,Otamendi,8039,CM,Manchester City,67316,20.4,1.05,,Manchester City
696,Nicolas,Otamendi,8039,CM,Manchester City,67317,19.99,0.82,,Manchester City
697,Nicolas,Otamendi,8039,CM,Manchester City,67318,19.64,0.74,,Manchester City
698,Nicolas,Otamendi,8039,CM,Manchester City,67319,19.3,0.8,,Manchester City
699,Nicolas,Otamendi,8039,CM,Manchester City,67320,18.98,0.8,,Manchester City
700,Nicolas,Otamendi,8039,CM,Manchester City,67321,18.65,0.7,,Manchester City
701,Nicolas,Otamendi,8039,CM,Manchester City,67322,18.35,0.61,,Manchester City
702,Nicolas,Otamendi,8039,CM,Manchester City,67323,18.03,0.46,,Manchester City
703,Nicolas,Otamendi,8039,CM,Manchester City,67324,17.69,0.19,,Manchester City
704,Nicolas,Otamendi,8039,CM,Manchester City,67325,17.35,0.01,,Manchester City
705,Nicolas,Otamendi,8039,CM,Manchester City,67326,17.09,-0.03,,Manchester City
706,Nicolas,Otamendi,8039,CM,Manchester City,67327,16.83,-0.09,,Manchester City
707,Nicolas,Otamendi,8039,CM,Manchester City,67328,16.56,-0.17,,Manchester City
708,Nicolas,Otamendi,8039,CM,Manchester City,67329,16.29,-0.25,,Manchester City
709,Nicolas,Otamendi,8039,CM,Manchester City,67330,15.96,-0.47,,Manchester City
710,Nicolas,Otamendi,8039,CM,Manchester City,67331,15.67,-0.82,,Manchester City
711,Nicolas,Otamendi,8039,CM,Manchester City,67332,15.46,-1.02,,Manchester City
712,Nicolas,Otamendi,8039,CM,Manchester City,67333,15.26,-1.11,,Manchester City
713,Nicolas,Otamendi,8039,CM,Manchester City,67334,15.06,-1.13,,Manchester City
714,Nicolas,Otamendi,8039,CM,Manchester City,67335,14.85,-1.15,,Manchester City
715,Nicolas,Otamendi,8039,CM,Manchester City,67336,14.62,-1.16,,Manchester City
716,Nicolas,Otamendi,8039,CM,Manchester City,67337,14.38,-1.28,,Manchester City
717,Nicolas,Otamendi,8039,CM,Manchester City,67338,14.17,-1.43,,Manchester City
718,Nicolas,Otamendi,8039,CM,Manchester City,67339,13.98,-1.41,,Manchester City
719,Nicolas,Otamendi,8039,CM,Manchester City,67340,13.79,-1.42,,Manchester City
720,Nicolas,Otamendi,8039,CM,Manchester City,67341,13.6,-1.46,,Manchester City
721,Nicolas,Otamendi,8039,CM,Manchester City,67342,13.43,-1.48,,Manchester City
722,Nicolas,Otamendi,8039,CM,Manchester City,67343,13.21,-1.59,,Manchester City
723,Nicolas,Otamendi,8039,CM,Manchester City,67344,13.0,-1.71,,Manchester City
724,Nicolas,Otamendi,8039,CM,Manchester City,67345,12.84,-1.75,,Manchester City
725,Nicolas,Otamendi,8039,CM,Manchester City,67346,12.69,-1.89,,Manchester City
726,Nicolas,Otamendi,8039,CM,Manchester City,67347,12.57,-2.03,,Manchester City
727,Nicolas,Otamendi,8039,CM,Manchester City,67348,12.5,-2.13,,Manchester City
728,Nicolas,Otamendi,8039,CM,Manchester City,67349,12.37,-2.15,,Manchester City
729,Nicolas,Otamendi,8039,CM,Manchester City,67350,12.21,-2.13,,Manchester City
730,Nicolas,Otamendi,8039,CM,Manchester City,67351,12.03,-2.21,,Manchester City
731,Nicolas,Otamendi,8039,CM,Manchester City,67352,11.83,-2.36,,Manchester City
732,Nicolas,Otamendi,8039,CM,Manchester City,67353,11.65,-2.45,,Manchester City
733,Nicolas,Otamendi,8039,CM,Manchester City,67354,11.51,-2.5,,Manchester City
734,Nicolas,Otamendi,8039,CM,Manchester City,67355,11.34,-2.48,,Manchester City
735,Nicolas,Otamendi,8039,CM,Manchester City,67356,11.13,-2.53,,Manchester City
736,Nicolas,Otamendi,8039,CM,Manchester City,67357,11.0,-2.64,,Manchester City
737,Nicolas,Otamendi,8039,CM,Manchester City,67358,10.89,-2.78,,Manchester City
738,Nicolas,Otamendi,8039,CM,Manchester City,67359,10.78,-2.78,,Manchester City
739,Nicolas,Otamendi,8039,CM,Manchester City,67360,10.7,-2.72,,Manchester City
740,Nicolas,Otamendi,8039,CM,Manchester City,67361,10.59,-2.65,,Manchester City
741,Nicolas,Otamendi,8039,CM,Manchester City,67362,10.45,-2.66,,Manchester City
742,Nicolas,Otamendi,8039,CM,Manchester City,67363,10.36,-2.59,,Manchester City
743,Nicolas,Otamendi,8039,CM,Manchester City,67364,10.26,-2.62,,Manchester City
744,Nicolas,Otamendi,8039,CM,Manchester City,67365,10.15,-2.57,,Manchester City
745,Nicolas,Otamendi,8039,CM,Manchester City,67366,10.07,-2.63,,Manchester City
746,Nicolas,Otamendi,8039,CM,Manchester City,67367,10.01,-2.69,,Manchester City
747,Nicolas,Otamendi,8039,CM,Manchester City,67368,9.93,-2.79,,Manchester City
748,Nicolas,Otamendi,8039,CM,Manchester City,67369,9.82,-2.79,,Manchester City
749,Nicolas,Otamendi,8039,CM,Manchester City,67370,9.68,-2.85,,Manchester City
750,Nicolas,Otamendi,8039,CM,Manchester City,67371,9.53,-2.84,,Manchester City
751,Nicolas,Otamendi,8039,CM,Manchester City,67372,9.39,-2.89,,Manchester City
752,Nicolas,Otamendi,8039,CM,Manchester City,67373,9.23,-2.94,,Manchester City
753,Nicolas,Otamendi,8039,CM,Manchester City,67374,9.04,-3.03,,Manchester City
754,Nicolas,Otamendi,8039,CM,Manchester City,67375,8.88,-3.04,,Manchester City
755,Nicolas,Otamendi,8039,CM,Manchester City,67376,8.72,-3.0,,Manchester City
756,Nicolas,Otamendi,8039,CM,Manchester City,67377,8.56,-2.93,,Manchester City
757,Nicolas,Otamendi,8039,CM,Manchester City,67412,7.04,-6.49,,Manchester City
758,Nicolas,Otamendi,8039,CM,Manchester City,67413,7.28,-6.68,,Manchester City
759,Nicolas,Otamendi,8039,CM,Manchester City,67414,7.41,-6.85,,Manchester City
760,Nicolas,Otamendi,8039,CM,Manchester City,67415,7.43,-6.99,,Manchester City
761,Nicolas,Otamendi,8039,CM,Manchester City,67416,7.34,-7.11,,Manchester City
762,Nicolas,Otamendi,8039,CM,Manchester City,67417,7.16,-7.17,,Manchester City
763,Nicolas,Otamendi,8039,CM,Manchester City,67418,6.93,-7.29,,Manchester City
764,Nicolas,Otamendi,8039,CM,Manchester City,67419,6.63,-7.54,,Manchester City
765,Nicolas,Otamendi,8039,CM,Manchester City,67420,6.31,-7.77,,Manchester City
766,Nicolas,Otamendi,8039,CM,Manchester City,67421,6.04,-8.03,,Manchester City
767,Nicolas,Otamendi,8039,CM,Manchester City,67422,5.73,-7.99,,Manchester City
768,Nicolas,Otamendi,8039,CM,Manchester City,67423,5.46,-7.99,,Manchester City
769,Nicolas,Otamendi,8039,CM,Manchester City,67424,5.17,-8.2,,Manchester City
770,Nicolas,Otamendi,8039,CM,Manchester City,67425,4.84,-8.51,,Manchester City
771,Nicolas,Otamendi,8039,CM,Manchester City,67426,4.5,-8.68,,Manchester City
772,Nicolas,Otamendi,8039,CM,Manchester City,67427,4.18,-8.81,,Manchester City
773,Nicolas,Otamendi,8039,CM,Manchester City,67428,3.86,-8.78,,Manchester City
774,Nicolas,Otamendi,8039,CM,Manchester City,67429,3.58,-8.91,,Manchester City
775,Nicolas,Otamendi,8039,CM,Manchester City,67430,3.32,-9.17,,Manchester City
776,Nicolas,Otamendi,8039,CM,Manchester City,67431,3.12,-9.41,,Manchester City
777,Nicolas,Otamendi,8039,CM,Manchester City,67432,3.0,-9.51,,Manchester City
778,Nicolas,Otamendi,8039,CM,Manchester City,67433,2.94,-9.54,,Manchester City
779,Nicolas,Otamendi,8039,CM,Manchester City,67434,2.91,-9.53,,Manchester City
780,Nicolas,Otamendi,8039,CM,Manchester City,67435,2.91,-9.5,,Manchester City
781,Nicolas,Otamendi,8039,CM,Manchester City,67436,2.92,-9.45,,Manchester City
782,Nicolas,Otamendi,8039,CM,Manchester City,67437,2.93,-9.39,,Manchester City
783,Nicolas,Otamendi,8039,CM,Manchester City,67438,2.97,-9.32,,Manchester City
784,Nicolas,Otamendi,8039,CM,Manchester City,67439,3.01,-9.25,,Manchester City
785,Nicolas,Otamendi,8039,CM,Manchester City,67678,6.67,-9.61,,Real Madrid CF
786,Nicolas,Otamendi,8039,CM,Manchester City,67679,7.25,-9.79,,Real Madrid CF
787,Nicolas,Otamendi,8039,CM,Manchester City,67680,7.83,-9.93,,Real Madrid CF
788,Nicolas,Otamendi,8039,CM,Manchester City,67681,8.43,-10.05,,Real Madrid CF
789,Nicolas,Otamendi,8039,CM,Manchester City,67682,9.03,-9.97,,Real Madrid CF
790,Nicolas,Otamendi,8039,CM,Manchester City,67683,9.65,-10.18,,Real Madrid CF
791,Nicolas,Otamendi,8039,CM,Manchester City,67684,10.27,-10.36,,Real Madrid CF
792,Nicolas,Otamendi,8039,CM,Manchester City,67685,10.88,-10.65,,Real Madrid CF
793,Nicolas,Otamendi,8039,CM,Manchester City,67686,11.54,-11.06,,Real Madrid CF
794,Nicolas,Otamendi,8039,CM,Manchester City,67687,12.21,-11.12,,Real Madrid CF
795,Nicolas,Otamendi,8039,CM,Manchester City,67688,12.87,-11.2,,Real Madrid CF
796,Nicolas,Otamendi,8039,CM,Manchester City,67689,13.52,-11.53,,Real Madrid CF
797,Nicolas,Otamendi,8039,CM,Manchester City,67690,14.19,-11.63,,Real Madrid CF
798,Nicolas,Otamendi,8039,CM,Manchester City,67691,14.85,-11.71,,Real Madrid CF
799,Nicolas,Otamendi,8039,CM,Manchester City,67692,15.46,-11.89,,Real Madrid CF
800,Nicolas,Otamendi,8039,CM,Manchester City,67693,16.02,-11.98,,Real Madrid CF
801,Nicolas,Otamendi,8039,CM,Manchester City,67694,16.62,-12.03,,Real Madrid CF
802,Nicolas,Otamendi,8039,CM,Manchester City,67695,17.2,-12.18,,Real Madrid CF
803,Nicolas,Otamendi,8039,CM,Manchester City,67696,17.79,-12.25,,Real Madrid CF
804,Nicolas,Otamendi,8039,CM,Manchester City,67697,18.44,-12.14,,Real Madrid CF
805,Nicolas,Otamendi,8039,CM,Manchester City,67698,19.04,-12.07,,Real Madrid CF
806,Nicolas,Otamendi,8039,CM,Manchester City,67699,19.61,-12.07,,Real Madrid CF
807,Nicolas,Otamendi,8039,CM,Manchester City,67700,20.19,-12.02,,Real Madrid CF
808,Nicolas,Otamendi,8039,CM,Manchester City,67701,20.78,-11.93,,Real Madrid CF
809,Nicolas,Otamendi,8039,CM,Manchester City,67702,21.33,-11.89,,Real Madrid CF
810,Nicolas,Otamendi,8039,CM,Manchester City,67703,21.87,-11.81,,Real Madrid CF
811,Nicolas,Otamendi,8039,CM,Manchester City,67704,22.41,-11.67,,Real Madrid CF
812,Nicolas,Otamendi,8039,CM,Manchester City,67705,22.94,-11.58,,Real Madrid CF
813,Nicolas,Otamendi,8039,CM,Manchester City,67706,23.4,-11.58,,Real Madrid CF
814,Nicolas,Otamendi,8039,CM,Manchester City,67707,23.85,-11.62,,Real Madrid CF
815,Nicolas,Otamendi,8039,CM,Manchester City,67708,24.35,-11.5,,Real Madrid CF
816,Nicolas,Otamendi,8039,CM,Manchester City,67709,24.82,-11.43,,Real Madrid CF
817,Nicolas,Otamendi,8039,CM,Manchester City,67710,25.29,-11.31,,Real Madrid CF
818,Nicolas,Otamendi,8039,CM,Manchester City,67711,25.75,-11.18,,Real Madrid CF
819,Nicolas,Otamendi,8039,CM,Manchester City,67712,26.21,-11.05,,Real Madrid CF
820,Nicolas,Otamendi,8039,CM,Manchester City,67713,26.62,-10.99,,Real Madrid CF
821,Nicolas,Otamendi,8039,CM,Manchester City,67714,27.08,-10.79,,Real Madrid CF
822,Nicolas,Otamendi,8039,CM,Manchester City,67715,27.5,-10.61,,Real Madrid CF
823,Nicolas,Otamendi,8039,CM,Manchester City,67716,27.89,-10.44,,Real Madrid CF
824,Nicolas,Otamendi,8039,CM,Manchester City,67717,28.23,-10.31,,Real Madrid CF
825,Nicolas,Otamendi,8039,CM,Manchester City,67718,28.54,-10.17,,Real Madrid CF
826,Nicolas,Otamendi,8039,CM,Manchester City,67719,28.93,-9.81,,Real Madrid CF
827,Nicolas,Otamendi,8039,CM,Manchester City,67720,29.3,-9.46,,Real Madrid CF
828,Nicolas,Otamendi,8039,CM,Manchester City,67721,29.64,-9.16,,Real Madrid CF
829,Nicolas,Otamendi,8039,CM,Manchester City,67722,29.91,-8.97,,Real Madrid CF
830,Nicolas,Otamendi,8039,CM,Manchester City,67723,30.18,-8.73,2934.0,Manchester City
831,Nicolas,Otamendi,8039,CM,Manchester City,67724,30.43,-8.47,2934.0,Manchester City
832,Nicolas,Otamendi,8039,CM,Manchester City,67725,30.73,-8.08,2934.0,Manchester City
833,Nicolas,Otamendi,8039,CM,Manchester City,67726,30.96,-7.78,2934.0,Manchester City
834,Nicolas,Otamendi,8039,CM,Manchester City,67727,31.19,-7.38,2934.0,Manchester City
835,Nicolas,Otamendi,8039,CM,Manchester City,67728,31.36,-7.08,2934.0,Manchester City
836,Nicolas,Otamendi,8039,CM,Manchester City,67729,31.5,-6.77,2934.0,Manchester City
837,Nicolas,Otamendi,8039,CM,Manchester City,67730,31.7,-6.35,2934.0,Manchester City
838,Nicolas,Otamendi,8039,CM,Manchester City,67731,31.87,-5.96,2934.0,Manchester City
839,Nicolas,Otamendi,8039,CM,Manchester City,67732,31.97,-5.65,2934.0,Manchester City
840,Nicolas,Otamendi,8039,CM,Manchester City,67733,32.1,-5.29,2934.0,Manchester City
841,Nicolas,Otamendi,8039,CM,Manchester City,67734,32.29,-4.79,2934.0,Manchester City
842,Nicolas,Otamendi,8039,CM,Manchester City,67735,32.39,-4.41,2934.0,Manchester City
843,Nicolas,Otamendi,8039,CM,Manchester City,67736,32.45,-4.03,2934.0,Manchester City
844,Nicolas,Otamendi,8039,CM,Manchester City,67737,32.51,-3.63,2934.0,Manchester City
845,Nicolas,Otamendi,8039,CM,Manchester City,67738,32.54,-3.26,2934.0,Manchester City
846,Nicolas,Otamendi,8039,CM,Manchester City,67739,32.52,-2.93,2934.0,Manchester City
847,Nicolas,Otamendi,8039,CM,Manchester City,67740,32.52,-2.51,2934.0,Manchester City
848,Nicolas,Otamendi,8039,CM,Manchester City,67741,32.52,-2.09,2934.0,Manchester City
849,Nicolas,Otamendi,8039,CM,Manchester City,67742,32.47,-1.75,2934.0,Manchester City
850,Nicolas,Otamendi,8039,CM,Manchester City,67743,32.4,-1.46,2934.0,Manchester City
851,Nicolas,Otamendi,8039,CM,Manchester City,67744,32.32,-1.21,2934.0,Manchester City
852,Nicolas,Otamendi,8039,CM,Manchester City,67745,32.29,-0.82,2934.0,Manchester City
853,Nicolas,Otamendi,8039,CM,Manchester City,67746,32.2,-0.5,2934.0,Manchester City
854,Nicolas,Otamendi,8039,CM,Manchester City,67747,32.17,-0.05,2934.0,Manchester City
855,Nicolas,Otamendi,8039,CM,Manchester City,67748,32.18,0.47,2934.0,Manchester City
856,Nicolas,Otamendi,8039,CM,Manchester City,67749,32.1,0.8,2934.0,Manchester City
857,Nicolas,Otamendi,8039,CM,Manchester City,67750,31.92,0.93,2934.0,Manchester City
858,Nicolas,Otamendi,8039,CM,Manchester City,67751,31.76,1.05,2934.0,Manchester City
859,Nicolas,Otamendi,8039,CM,Manchester City,67752,31.61,1.18,2934.0,Manchester City
860,Nicolas,Otamendi,8039,CM,Manchester City,67753,31.61,1.56,2934.0,Manchester City
861,Nicolas,Otamendi,8039,CM,Manchester City,67754,31.72,2.12,2934.0,Real Madrid CF
862,Nicolas,Otamendi,8039,CM,Manchester City,67755,31.77,2.55,2934.0,Real Madrid CF
863,Nicolas,Otamendi,8039,CM,Manchester City,67756,31.72,2.83,2934.0,Real Madrid CF
864,Nicolas,Otamendi,8039,CM,Manchester City,67757,31.63,2.94,2934.0,Real Madrid CF
865,Nicolas,Otamendi,8039,CM,Manchester City,67758,31.54,3.03,2934.0,Real Madrid CF
866,Nicolas,Otamendi,8039,CM,Manchester City,67759,31.53,3.35,2934.0,Real Madrid CF
867,Nicolas,Otamendi,8039,CM,Manchester City,67760,31.59,3.81,2934.0,Real Madrid CF
868,Nicolas,Otamendi,8039,CM,Manchester City,67761,31.58,4.2,2934.0,Real Madrid CF
869,Nicolas,Otamendi,8039,CM,Manchester City,67762,31.47,4.38,2934.0,Real Madrid CF
870,Nicolas,Otamendi,8039,CM,Manchester City,67763,31.35,4.39,2934.0,Real Madrid CF
871,Nicolas,Otamendi,8039,CM,Manchester City,67764,31.27,4.46,2934.0,Real Madrid CF
872,Nicolas,Otamendi,8039,CM,Manchester City,67765,31.27,4.7,2934.0,Real Madrid CF
873,Nicolas,Otamendi,8039,CM,Manchester City,67766,31.34,5.1,2934.0,Real Madrid CF
874,Nicolas,Otamendi,8039,CM,Manchester City,67767,31.4,5.47,2934.0,Real Madrid CF
875,Nicolas,Otamendi,8039,CM,Manchester City,67768,31.39,5.64,2934.0,Real Madrid CF
876,Nicolas,Otamendi,8039,CM,Manchester City,67769,31.3,5.55,2934.0,Real Madrid CF
877,Nicolas,Otamendi,8039,CM,Manchester City,67770,31.29,5.58,2934.0,Real Madrid CF
878,Nicolas,Otamendi,8039,CM,Manchester City,67771,31.32,5.67,2934.0,Real Madrid CF
879,Nicolas,Otamendi,8039,CM,Manchester City,67772,31.38,5.86,2934.0,Real Madrid CF
880,Nicolas,Otamendi,8039,CM,Manchester City,67773,31.44,6.06,2934.0,Real Madrid CF
881,Nicolas,Otamendi,8039,CM,Manchester City,67774,31.48,6.23,2934.0,Real Madrid CF
882,Nicolas,Otamendi,8039,CM,Manchester City,67775,31.47,6.32,2934.0,Real Madrid CF
883,Nicolas,Otamendi,8039,CM,Manchester City,67776,31.47,6.46,2934.0,Real Madrid CF
884,Nicolas,Otamendi,8039,CM,Manchester City,67777,31.43,6.52,2934.0,Real Madrid CF
885,Nicolas,Otamendi,8039,CM,Manchester City,67778,31.39,6.55,2934.0,Real Madrid CF
886,Nicolas,Otamendi,8039,CM,Manchester City,67779,31.3,6.4,2934.0,Real Madrid CF
887,Nicolas,Otamendi,8039,CM,Manchester City,67780,31.19,6.25,2934.0,Real Madrid CF
888,Nicolas,Otamendi,8039,CM,Manchester City,67781,31.11,6.18,2934.0,Real Madrid CF
889,Nicolas,Otamendi,8039,CM,Manchester City,67782,30.97,6.05,2934.0,Real Madrid CF
890,Nicolas,Otamendi,8039,CM,Manchester City,67783,30.81,5.9,2934.0,Real Madrid CF
891,Nicolas,Otamendi,8039,CM,Manchester City,67784,30.71,5.85,2934.0,Real Madrid CF
892,Nicolas,Otamendi,8039,CM,Manchester City,67785,30.63,5.83,2934.0,Real Madrid CF
893,Nicolas,Otamendi,8039,CM,Manchester City,67786,30.57,5.86,2934.0,Real Madrid CF
894,Nicolas,Otamendi,8039,CM,Manchester City,67929,7.21,-5.5,2934.0,Real Madrid CF
895,Nicolas,Otamendi,8039,CM,Manchester City,67930,7.25,-5.59,,Real Madrid CF
896,Nicolas,Otamendi,8039,CM,Manchester City,67931,7.26,-5.68,,Real Madrid CF
897,Nicolas,Otamendi,8039,CM,Manchester City,67932,7.26,-5.79,,Real Madrid CF
898,Nicolas,Otamendi,8039,CM,Manchester City,67933,7.24,-5.99,,Real Madrid CF
899,Nicolas,Otamendi,8039,CM,Manchester City,67934,7.2,-6.1,,Real Madrid CF
900,Nicolas,Otamendi,8039,CM,Manchester City,67935,7.08,-6.18,,Real Madrid CF
901,Nicolas,Otamendi,8039,CM,Manchester City,67936,6.98,-6.16,,Real Madrid CF
902,Nicolas,Otamendi,8039,CM,Manchester City,67937,6.89,-6.23,,Real Madrid CF
903,Nicolas,Otamendi,8039,CM,Manchester City,67938,6.79,-6.19,,Real Madrid CF
904,Nicolas,Otamendi,8039,CM,Manchester City,67939,6.67,-6.18,,Real Madrid CF
905,Nicolas,Otamendi,8039,CM,Manchester City,67940,6.53,-6.12,,Real Madrid CF
906,Nicolas,Otamendi,8039,CM,Manchester City,67941,6.37,-6.14,,Real Madrid CF
907,Nicolas,Otamendi,8039,CM,Manchester City,67942,6.22,-6.1,,Real Madrid CF
908,Nicolas,Otamendi,8039,CM,Manchester City,67943,6.05,-6.07,,Manchester City
909,Nicolas,Otamendi,8039,CM,Manchester City,67944,5.87,-6.03,,Manchester City
910,Nicolas,Otamendi,8039,CM,Manchester City,67945,5.69,-5.99,,Manchester City
911,Nicolas,Otamendi,8039,CM,Manchester City,68108,16.49,5.21,,Real Madrid CF
912,Nicolas,Otamendi,8039,CM,Manchester City,68109,16.81,5.06,,Real Madrid CF
913,Nicolas,Otamendi,8039,CM,Manchester City,68110,17.12,4.95,,Real Madrid CF
914,Nicolas,Otamendi,8039,CM,Manchester City,68111,17.42,4.88,,Real Madrid CF
915,Nicolas,Otamendi,8039,CM,Manchester City,68112,17.68,4.75,,Real Madrid CF
916,Nicolas,Otamendi,8039,CM,Manchester City,68113,17.96,4.74,,Real Madrid CF
917,Nicolas,Otamendi,8039,CM,Manchester City,68114,18.23,4.79,,Real Madrid CF
918,Nicolas,Otamendi,8039,CM,Manchester City,68115,18.51,4.84,,Real Madrid CF
919,Nicolas,Otamendi,8039,CM,Manchester City,68116,18.76,4.88,,Real Madrid CF
920,Nicolas,Otamendi,8039,CM,Manchester City,68117,18.99,4.79,,Real Madrid CF
921,Nicolas,Otamendi,8039,CM,Manchester City,68118,19.23,4.73,,Real Madrid CF
922,Nicolas,Otamendi,8039,CM,Manchester City,68119,19.44,4.64,,Real Madrid CF
923,Nicolas,Otamendi,8039,CM,Manchester City,68120,19.63,4.5,,Real Madrid CF
924,Nicolas,Otamendi,8039,CM,Manchester City,68121,19.92,4.62,,Real Madrid CF
925,Nicolas,Otamendi,8039,CM,Manchester City,68122,20.25,4.71,,Real Madrid CF
926,Nicolas,Otamendi,8039,CM,Manchester City,68123,20.54,4.61,,Real Madrid CF
927,Nicolas,Otamendi,8039,CM,Manchester City,68124,20.83,4.41,,Real Madrid CF
928,Nicolas,Otamendi,8039,CM,Manchester City,68125,21.05,4.13,,Real Madrid CF
929,Nicolas,Otamendi,8039,CM,Manchester City,68126,21.26,4.05,,Real Madrid CF
930,Nicolas,Otamendi,8039,CM,Manchester City,68127,21.51,4.31,,Real Madrid CF
931,Nicolas,Otamendi,8039,CM,Manchester City,68128,21.77,4.62,,Real Madrid CF
932,Nicolas,Otamendi,8039,CM,Manchester City,68129,21.94,4.72,,Real Madrid CF
933,Nicolas,Otamendi,8039,CM,Manchester City,68130,22.07,4.58,,Real Madrid CF
934,Nicolas,Otamendi,8039,CM,Manchester City,68131,22.09,4.23,,Real Madrid CF
935,Nicolas,Otamendi,8039,CM,Manchester City,68132,22.11,3.93,,Real Madrid CF
936,Nicolas,Otamendi,8039,CM,Manchester City,68133,22.11,3.84,,Real Madrid CF
937,Nicolas,Otamendi,8039,CM,Manchester City,68134,22.1,3.96,,Real Madrid CF
938,Nicolas,Otamendi,8039,CM,Manchester City,68135,22.04,4.06,,Real Madrid CF
939,Nicolas,Otamendi,8039,CM,Manchester City,68136,21.93,4.08,,Real Madrid CF
940,Nicolas,Otamendi,8039,CM,Manchester City,68137,21.76,4.0,,Real Madrid CF
941,Nicolas,Otamendi,8039,CM,Manchester City,68138,21.54,3.89,,Real Madrid CF
942,Nicolas,Otamendi,8039,CM,Manchester City,68139,21.29,3.73,,Real Madrid CF
943,Nicolas,Otamendi,8039,CM,Manchester City,68140,21.0,3.6,,Real Madrid CF
944,Nicolas,Otamendi,8039,CM,Manchester City,68141,20.73,3.52,,Real Madrid CF
945,Nicolas,Otamendi,8039,CM,Manchester City,68142,20.44,3.46,,Real Madrid CF
946,Nicolas,Otamendi,8039,CM,Manchester City,68143,20.12,3.41,,Real Madrid CF
947,Nicolas,Otamendi,8039,CM,Manchester City,68144,19.79,3.38,,Real Madrid CF
948,Nicolas,Otamendi,8039,CM,Manchester City,68145,19.42,3.37,,Real Madrid CF
949,Nicolas,Otamendi,8039,CM,Manchester City,68352,6.0,6.08,1152.0,Manchester City
950,Nicolas,Otamendi,8039,CM,Manchester City,68353,5.9,5.87,1152.0,Manchester City
951,Nicolas,Otamendi,8039,CM,Manchester City,68354,5.81,5.69,1152.0,Manchester City
952,Nicolas,Otamendi,8039,CM,Manchester City,68355,5.73,5.56,1152.0,Manchester City
953,Nicolas,Otamendi,8039,CM,Manchester City,68356,5.65,5.49,1152.0,Manchester City
954,Nicolas,Otamendi,8039,CM,Manchester City,68357,5.58,5.45,1152.0,Manchester City
955,Nicolas,Otamendi,8039,CM,Manchester City,68358,5.5,5.24,1152.0,Manchester City
956,Nicolas,Otamendi,8039,CM,Manchester City,68359,5.44,5.11,1152.0,Manchester City
957,Nicolas,Otamendi,8039,CM,Manchester City,68360,5.37,4.97,1152.0,Manchester City
958,Nicolas,Otamendi,8039,CM,Manchester City,68361,5.29,4.71,1152.0,Manchester City
959,Nicolas,Otamendi,8039,CM,Manchester City,68362,5.21,4.43,1152.0,Manchester City
960,Nicolas,Otamendi,8039,CM,Manchester City,68363,5.14,4.25,1152.0,Manchester City
961,Nicolas,Otamendi,8039,CM,Manchester City,68364,5.06,4.08,1152.0,Manchester City
962,Nicolas,Otamendi,8039,CM,Manchester City,68365,4.99,4.06,1152.0,Manchester City
963,Nicolas,Otamendi,8039,CM,Manchester City,68366,4.91,4.03,1152.0,Manchester City
964,Nicolas,Otamendi,8039,CM,Manchester City,68367,4.85,3.93,1152.0,Manchester City
965,Nicolas,Otamendi,8039,CM,Manchester City,68368,4.79,3.74,1152.0,Manchester City
966,Nicolas,Otamendi,8039,CM,Manchester City,68369,4.76,3.62,1152.0,Manchester City
967,Nicolas,Otamendi,8039,CM,Manchester City,68370,4.73,3.55,1152.0,Manchester City
968,Nicolas,Otamendi,8039,CM,Manchester City,68371,4.68,3.34,1152.0,Manchester City
969,Nicolas,Otamendi,8039,CM,Manchester City,68372,4.64,3.11,1152.0,Manchester City
970,Nicolas,Otamendi,8039,CM,Manchester City,68373,4.62,2.84,1152.0,Manchester City
971,Nicolas,Otamendi,8039,CM,Manchester City,68374,4.62,2.59,1152.0,Manchester City
972,Nicolas,Otamendi,8039,CM,Manchester City,68375,4.64,2.58,1152.0,Manchester City
973,Nicolas,Otamendi,8039,CM,Manchester City,68376,4.68,2.69,,Manchester City
974,Nicolas,Otamendi,8039,CM,Manchester City,68377,4.73,2.95,,Manchester City
